2006-6-1 14:11,2006-6-1 14:15,4,Th,1149189170,2006-6-1 14:12,0,0,viewing,more,life.data.1,6,2006-6-1 14:30,2006-6-1 14:31,1,De,life.c

2006-6-1 14:15,2006-6-1 14:42,27,Se,1149189191,2006-6-1 14:13,0,0,filecommand,ls,,1,2006-6-1 14:31,2006-6-1 14:39,8,De,life.c

2006-6-1 14:42,2006-6-1 14:47,5,Se,1149189204,2006-6-1 14:13,0,0,viewing,more,life.data.1.100.100.100.out,6,2006-6-1 14:39,2006-6-1 14:40,0,De,life.c

2006-6-1 14:47,2006-6-1 14:52,5,Th,1149189214,2006-6-1 14:13,0,0,viewing,more,life.data.2,6,2006-6-1 14:40,2006-6-1 14:46,6,De,life.c

2006-6-1 14:52,2006-6-1 15:24,32,Se,1149189217,2006-6-1 14:13,0,0,filecommand,ls,,1,2006-6-1 14:46,2006-6-1 14:47,1,Ot,life.c

2006-6-1 15:24,2006-6-1 15:55,31,De,1149189223,2006-6-1 14:13,0,0,viewing,more,life.data.2.100.100.100.out,6,2006-6-1 14:47,2006-6-1 15:23,36,Ot,life.c

2006-6-2 9:03,2006-6-2 10:01,58,De,1149189234,2006-6-1 14:13,0,0,other,xset,b off,8,2006-6-1 15:23,2006-6-1 15:23,0,De,life.c

2006-6-5 12:03,2006-6-5 12:11,8,De,1149189236,2006-6-1 14:13,0,0,viewing,more,final.data,6,2006-6-1 15:23,2006-6-1 15:27,3,De,life.c

2006-6-5 12:11,2006-6-5 12:15,4,Th,1149189250,2006-6-1 14:14,0,0,editing,xemacs,&,7,2006-6-1 15:27,2006-6-1 15:31,4,Ot,life.c

2006-6-5 12:15,2006-6-5 12:59,44,Pa,1149189266,2006-6-1 14:14,0,0,filecommand,ls,,1,2006-6-1 15:31,2006-6-1 15:35,4,Ot,life.c

2006-6-5 12:59,2006-6-5 13:24,25,De,1149189268,2006-6-1 14:14,0,0,filecommand,rm,core.3182,1,2006-6-1 15:35,2006-6-1 15:39,3,Ot,life.c

2006-6-6 14:15,2006-6-6 15:37,82,De,1149189268,2006-6-1 14:14,0,0,filecommand,ls,,1,2006-6-1 15:39,2006-6-1 15:41,2,Ot,life.c

2006-6-10 13:04,2006-6-10 13:02,148,De,1149189271,2006-6-1 14:14,0,0,other,xterm,&,8,2006-6-1 15:41,2006-6-1 15:45,4,Ot,life.c

2006-6-15 13:02,2006-6-15 13:32,30,De,1149189593,2006-6-1 14:19,0,0,documentation,man,fopen,4,2006-6-1 15:45,2006-6-1 15:49,3,Ot,life.c

2006-6-15 13:32,2006-6-15 14:08,36,Te,1149189660,2006-6-1 14:21,0,0,filecommand,ls,,1,2006-6-2 9:05,2006-6-2 9:22,16,Ot,life.c

,,,,1149189663,2006-6-1 14:21,0,0,viewing,more,life.data.1,6,2006-6-2 9:22,2006-6-2 9:29,6,Ot,life.c

,,,,1149189872,2006-6-1 14:24,0,0,documentation,man,memset,4,2006-6-2 9:29,2006-6-2 9:29,0,Ot,life.c

,,,,1149190191,2006-6-1 14:29,0,0,filecommand,ls,,1,2006-6-2 9:29,2006-6-2 9:56,26,Ot,life.c

,,,,1149190199,2006-6-1 14:29,0,0,building,cc,#NAME?,2,2006-6-5 12:09,2006-6-5 13:00,50,Ot,mpilife.c

,,,,1149190200,2006-6-1 14:30,2006-6-1 14:30,0,0,60,0,0,2006-6-5 13:00,2006-6-5 13:22,22,Ot,mpilife.c

,,,,1149190200,2006-6-1 14:30,2006-6-1 14:31,1, change-print  ,0,3,0,2006-6-6 14:19,2006-6-6 14:21,1,Ot,mpilife.c

,,,,1149190300,2006-6-1 14:31,2006-6-1 14:39,8, add-print  ,7,5,0,2006-6-6 14:21,2006-6-6 14:28,7,Ot,mpilife.c

,,,,1149190372,2006-6-1 14:32,0,0,viewing,more,life.data.1,6,2006-6-6 14:28,2006-6-6 14:31,2,Ot,mpilife.c

,,,,1149190377,2006-6-1 14:32,0,0,filecommand,ls,,1,2006-6-6 14:31,2006-6-6 14:33,1,Ot,mpilife.c

,,,,1149190407,2006-6-1 14:33,0,0,unknown,./life,life.data.1 100 100 100,9,2006-6-6 14:33,2006-6-6 14:34,1,Ot,mpilife.c

,,,,1149190534,2006-6-1 14:35,0,0,documentation,man,atoi,4,2006-6-6 14:34,2006-6-6 14:39,4,Ot,mpilife.c

,,,,1149190707,2006-6-1 14:38,0,0,documentation,man,fscanf,4,2006-6-6 14:39,2006-6-6 14:40,1,Ot,mpilife.c

,,,,1149190783,2006-6-1 14:39,2006-6-1 14:40,0, change-print  ,0,1,0,2006-6-6 14:40,2006-6-6 14:43,2,Ot,mpilife.c

,,,,1149190808,2006-6-1 14:40,2006-6-1 14:46,6, change-print  change-print  change-print  ,0,6,0,2006-6-6 14:43,2006-6-6 14:45,2,Ot,mpilife.c

,,,,1149190819,2006-6-1 14:40,0,0,unknown,./life,life.data.1 100 100 100,9,2006-6-6 14:45,2006-6-6 14:47,2,Ot,mpilife.c

,,,,1149190841,2006-6-1 14:40,0,0,other,xterm,&,8,2006-6-6 14:47,2006-6-6 14:52,5,Ot,mpilife.c

,,,,1149191167,2006-6-1 14:46,0,0,building,cc,#NAME?,2,2006-6-6 14:52,2006-6-6 14:57,4,Ot,mpilife.c

,,,,1149191168,2006-6-1 14:46,2006-6-1 14:47,1, change-print  delete-print  ,0,3,2,2006-6-6 14:57,2006-6-6 15:08,10,Ot,mpilife.c

,,,,1149191185,2006-6-1 14:46,0,0,unknown,./life,life.data.1 100 100 100 > test.out,9,2006-6-6 15:08,2006-6-6 15:12,3,Ot,mpilife.c

,,,,1149191191,2006-6-1 14:46,0,0,viewing,diff,test.out life.data.1,6,2006-6-6 15:12,2006-6-6 15:15,3,Ot,mpilife.c

,,,,1149191194,2006-6-1 14:46,0,0,viewing,more,test.out,6,2006-6-6 15:15,2006-6-6 15:18,2,Ot,mpilife.c

,,,,1149191235,2006-6-1 14:47,0,0,building,cc,#NAME?,2,2006-6-10 13:08,2006-6-10 13:21,12,Ot,mpilife.c

,,,,1149191236,2006-6-1 14:47,2006-6-1 15:23,36, ,50,3,0,2006-6-10 13:21,2006-6-10 13:24,3,Ot,mpilife.c

,,,,1149191245,2006-6-1 14:47,0,0,viewing,more,test.out,6,2006-6-10 13:24,2006-6-10 13:29,5,Ot,mpilife.c

,,,,1149191249,2006-6-1 14:47,0,0,viewing,more,test.out,6,2006-6-10 13:29,2006-6-10 13:35,5,Ot,mpilife.c

,,,,1149191270,2006-6-1 14:47,0,0,filecommand,ls,,1,2006-6-10 13:35,2006-6-10 13:49,13,Ot,mpilife.c

,,,,1149191275,2006-6-1 14:47,0,0,viewing,sort,test.out > sort.out,6,2006-6-10 13:49,2006-6-10 14:05,16,Ot,mpilife.c

,,,,1149191284,2006-6-1 14:48,0,0,viewing,sort,life.data.1 > life.data.sort,6,2006-6-10 14:05,2006-6-10 14:06,0,De,mpilife.c

,,,,1149191288,2006-6-1 14:48,0,0,viewing,diff,sort.out life.data.sort,6,2006-6-10 14:06,2006-6-10 14:08,2,De,mpilife.c

,,,,1149191289,2006-6-1 14:48,0,0,filecommand,ls,,1,2006-6-10 14:08,2006-6-10 14:12,3,Ot,mpilife.c

,,,,1149191292,2006-6-1 14:48,0,0,filecommand,rm,sort.out,1,2006-6-10 14:12,2006-6-10 14:43,31,Ot,mpilife.c

,,,,1149191293,2006-6-1 14:48,0,0,filecommand,rm,test.out,1,2006-6-10 14:43,2006-6-10 14:47,3,Ot,mpilife.c

,,,,1149191294,2006-6-1 14:48,0,0,filecommand,ls,,1,2006-6-10 14:47,2006-6-10 14:53,6,Ot,mpilife.c

,,,,1149191297,2006-6-1 14:48,0,0,filecommand,rm,life.data.sort,1,2006-6-10 14:53,2006-6-10 14:53,0,De,mpilife.c

,,,,1149191297,2006-6-1 14:48,0,0,filecommand,ls,,1,2006-6-10 14:53,2006-6-10 14:57,3,De,mpilife.c

,,,,1149193419,2006-6-1 15:23,0,0,building,cc,#NAME?,2,2006-6-10 14:57,2006-6-10 15:02,4,Ot,mpilife.c

,,,,1149193420,2006-6-1 15:23,2006-6-1 15:23,0, ,0,1,0,2006-6-10 15:02,2006-6-10 15:04,1,Ot,mpilife.c

,,,,1149193436,2006-6-1 15:23,2006-6-1 15:27,3, change-print  ,0,1,0,2006-6-10 15:04,2006-6-10 15:08,4,Ot,mpilife.c

,,,,1149193463,2006-6-1 15:24,0,0,unknown,./life,life.data.1 100 100 100,9,2006-6-10 15:08,2006-6-10 15:20,11,Ot,mpilife.c

,,,,1149193470,2006-6-1 15:24,0,0,unknown,./life,life.data.1 100 100 100 > life.out,9,2006-6-10 15:20,2006-6-10 15:27,6,Ot,mpilife.c

,,,,1149193471,2006-6-1 15:24,0,0,filecommand,ls,,1,2006-6-15 13:07,2006-6-15 13:10,3,Ot,mpilife.c

,,,,1149193483,2006-6-1 15:24,0,0,viewing,sort,life.out > life.sort,6,2006-6-15 13:10,2006-6-15 13:11,0,Ot,mpilife.c

,,,,1149193496,2006-6-1 15:24,0,0,viewing,sort,life.data.1.100.100.100.out > life.sort,6,2006-6-15 13:11,2006-6-15 13:22,11,Ot,mpilife.c

,,,,1149193502,2006-6-1 15:25,0,0,viewing,diff,life.sort life.sort,6,2006-6-15 13:22,2006-6-15 13:26,3,Ot,mpilife.c

,,,,1149193506,2006-6-1 15:25,0,0,viewing,diff,life.sort life.sort | more,6,2006-6-15 13:26,2006-6-15 13:27,1,Ot,mpilife.c

,,,,1149193512,2006-6-1 15:25,0,0,filecommand,ls,,1,2006-6-15 13:27,2006-6-15 13:30,2,Ot,life.c

,,,,1149193651,2006-6-1 15:27,2006-6-1 15:31,4, delete-print  ,0,1,4

,,,,1149193661,2006-6-1 15:27,0,0,unknown,./life,life.data.1 100 100 100 > life.out,9

,,,,1149193667,2006-6-1 15:27,0,0,viewing,sort,life.out > life.sort,6

,,,,1149193675,2006-6-1 15:27,0,0,viewing,diff,life.sort life.sort | more,6

,,,,1149193680,2006-6-1 15:28,0,0,viewing,diff,life.sort life.sort,6

,,,,1149193682,2006-6-1 15:28,0,0,viewing,diff,life.sort life.sort,6

,,,,1149193689,2006-6-1 15:28,0,0,viewing,more,life.sort,6

,,,,1149193893,2006-6-1 15:31,0,0,building,cc,#NAME?,2

,,,,1149193894,2006-6-1 15:31,2006-6-1 15:35,4, add-print  add-print  ,14,0,0

,,,,1149193918,2006-6-1 15:31,0,0,viewing,sort,life.out > life.sort,6

,,,,1149193921,2006-6-1 15:32,0,0,viewing,diff,life.sort life.sort,6

,,,,1149193923,2006-6-1 15:32,0,0,filecommand,ls,,1

,,,,1149193927,2006-6-1 15:32,0,0,viewing,more,life.sort,6

,,,,1149194144,2006-6-1 15:35,0,0,filecommand,pwd,,1

,,,,1149194144,2006-6-1 15:35,0,0,filecommand,ls,,1

,,,,1149194149,2006-6-1 15:35,0,0,building,cc,#NAME?,2

,,,,1149194150,2006-6-1 15:35,2006-6-1 15:39,3, add-print  ,1,0,0

,,,,1149194171,2006-6-1 15:36,0,0,unknown,./life,life.data.1 10 10 10,9

,,,,1149194187,2006-6-1 15:36,0,0,filecommand,ls,,1

,,,,1149194190,2006-6-1 15:36,0,0,filecommand,rm,*~,1

,,,,1149194191,2006-6-1 15:36,0,0,filecommand,ls,,1

,,,,1149194236,2006-6-1 15:37,0,0,filecommand,ls,,1

,,,,1149194260,2006-6-1 15:37,0,0,editing,emacs,life.data.0,7

,,,,1149194266,2006-6-1 15:37,0,0,editing,emacs,#NAME?,7

,,,,1149194329,2006-6-1 15:38,0,0,unknown,./life,life.data.0 10 10 10,9

,,,,1149194345,2006-6-1 15:39,0,0,building,cc,#NAME?,2

,,,,1149194346,2006-6-1 15:39,2006-6-1 15:41,2, add-print  ,3,0,0

,,,,1149194424,2006-6-1 15:40,0,0,unknown,./life,life.data.0 10 10 10,9

,,,,1149194469,2006-6-1 15:41,2006-6-1 15:45,4, add-degug  add-degug  ,4,2,0

,,,,1149194474,2006-6-1 15:41,0,0,unknown,./life,life.data.0 10 10 10,9

,,,,1149194556,2006-6-1 15:42,0,0,unknown,./life,life.data.0 10 10 10,9

,,,,1149194563,2006-6-1 15:42,0,0,unknown,./life,life.data.0 10 10 10,9

,,,,1149194654,2006-6-1 15:44,0,0,unknown,./life,life.data.0 10 10 10,9

,,,,1149194705,2006-6-1 15:45,0,0,filecommand,ls,,1

,,,,1149194721,2006-6-1 15:45,0,0,unknown,./life,life.data.1 100 100 100 > life.out,9

,,,,1149194755,2006-6-1 15:45,0,0,building,cc,#NAME?,2

,,,,1149194761,2006-6-1 15:46,0,0,unknown,./life,life.data.1 100 100 100 > life.out,9

,,,,1149194766,2006-6-1 15:46,0,0,viewing,more,life.out,6

,,,,1149194958,2006-6-1 15:49,0,0,building,cc,#NAME?,2

,,,,1149194959,2006-6-1 15:49,2006-6-2 9:05,2476, ,3,3,3

,,,,1149195042,2006-6-1 15:50,0,0,viewing,sort,life.out | more,6

,,,,1149195114,2006-6-1 15:51,0,0,viewing,sort,life.out | more,6

,,,,1149195663,2006-6-1 16:01,0,0,other,exit,,8

,,,,1149257015,2006-6-2 9:03,0,0,filecommand,ls,,1

,,,,1149257022,2006-6-2 9:03,0,0,editing,xemacs,&,7

,,,,1149257092,2006-6-2 9:04,0,0,filecommand,pwd,,1

,,,,1149257120,2006-6-2 9:05,0,0,filecommand,ls,,1

,,,,1149257122,2006-6-2 9:05,0,0,building,make,life,2

,,,,1149257123,2006-6-2 9:05,2006-6-2 9:22,16, add-print  ,3,0,0

,,,,1149257156,2006-6-2 9:05,0,0,unknown,./life,life.data.0 > life.out,9

,,,,1149257158,2006-6-2 9:05,0,0,viewing,more,life.out,6

,,,,1149257160,2006-6-2 9:06,0,0,filecommand,ls,,1

,,,,1149257166,2006-6-2 9:06,0,0,unknown,./life,life.data.0 100 100 100 > life.out,9

,,,,1149257170,2006-6-2 9:06,0,0,viewing,more,life.out,6

,,,,1149257185,2006-6-2 9:06,0,0,filecommand,rm,*~,1

,,,,1149257186,2006-6-2 9:06,0,0,unknown,s,,9

,,,,1149257186,2006-6-2 9:06,0,0,filecommand,ls,,1

,,,,1149257196,2006-6-2 9:06,0,0,unknown,./life,life.data.1 100 100 100 > life.out,9

,,,,1149257199,2006-6-2 9:06,0,0,viewing,more,life.out,6

,,,,1149257201,2006-6-2 9:06,0,0,filecommand,ls,,1

,,,,1149257209,2006-6-2 9:06,0,0,viewing,sort,life.out > life.sort,6

,,,,1149257225,2006-6-2 9:07,0,0,viewing,sort,life.data.1.100.100.100.out > life.sort,6

,,,,1149257230,2006-6-2 9:07,0,0,viewing,diff,life.sort life.sort,6

,,,,1149257232,2006-6-2 9:07,0,0,viewing,diff,life.sort life.sort,6

,,,,1149257234,2006-6-2 9:07,0,0,viewing,diff,life.sort life.sort | more,6

,,,,1149257238,2006-6-2 9:07,0,0,filecommand,ls,,1

,,,,1149257706,2006-6-2 9:15,0,0,unknown,./life,life.data.2 100 100 100 > life2.out,9

,,,,1149257722,2006-6-2 9:15,0,0,viewing,sort,life2.out > sort.out,6

,,,,1149257736,2006-6-2 9:15,0,0,viewing,sort,life.data.2.100.100.100.out > life2.sort,6

,,,,1149257743,2006-6-2 9:15,0,0,viewing,diff,sort.out life2.sort,6

,,,,1149257748,2006-6-2 9:15,0,0,filecommand,ls,,1

,,,,1149257750,2006-6-2 9:15,0,0,unknown,wc,sort.out,9

,,,,1149257755,2006-6-2 9:15,0,0,unknown,sc,life2.out,9

,,,,1149257758,2006-6-2 9:15,0,0,unknown,wc,life2.out,9

,,,,1149257823,2006-6-2 9:17,0,0,viewing,more,sort.out,6

,,,,1149257829,2006-6-2 9:17,0,0,viewing,more,life2.out,6

,,,,1149257833,2006-6-2 9:17,0,0,viewing,more,sort.out,6

,,,,1149257838,2006-6-2 9:17,0,0,viewing,more,life2.out,6

,,,,1149257843,2006-6-2 9:17,0,0,filecommand,ls,,1

,,,,1149257887,2006-6-2 9:18,0,0,viewing,more,life.data.2.100.100.100.out,6

,,,,1149257897,2006-6-2 9:18,0,0,filecommand,ls,,1

,,,,1149257903,2006-6-2 9:18,0,0,viewing,more,sort.out,6

,,,,1149257911,2006-6-2 9:18,0,0,filecommand,ls,,1

,,,,1149257943,2006-6-2 9:19,0,0,filecommand,rm,life.out life.sort life2.out life2.sort sort.out life.sort,1

,,,,1149257944,2006-6-2 9:19,0,0,filecommand,ls,,1

,,,,1149257957,2006-6-2 9:19,0,0,unknown,./life,life.data.1 100 100 100 > life.out,9

,,,,1149257976,2006-6-2 9:19,0,0,viewing,sort,life.out > life.sort,6

,,,,1149257979,2006-6-2 9:19,0,0,viewing,more,life.sort,6

,,,,1149257981,2006-6-2 9:19,0,0,viewing,more,life.sort,6

,,,,1149257984,2006-6-2 9:19,0,0,filecommand,ls,,1

,,,,1149257994,2006-6-2 9:19,0,0,viewing,sort,life.data.1.100.100.100.out > life.sort,6

,,,,1149257995,2006-6-2 9:19,0,0,filecommand,ls,,1

,,,,1149258001,2006-6-2 9:20,0,0,unknown,wc,life.sort,9

,,,,1149258004,2006-6-2 9:20,0,0,unknown,wc,life.sort,9

,,,,1149258038,2006-6-2 9:20,0,0,viewing,more,life.data.1,6

,,,,1149258043,2006-6-2 9:20,0,0,unknown,wc,life.data.1,9

,,,,1149258138,2006-6-2 9:22,0,0,building,make,,2

,,,,1149258148,2006-6-2 9:22,0,0,filecommand,ls,,1

,,,,1149258154,2006-6-2 9:22,0,0,unknown,./life,life.data.0,9

,,,,1149258157,2006-6-2 9:22,0,0,unknown,./life,life.data.0 100 100 100,9

,,,,1149258164,2006-6-2 9:22,0,0,unknown,./life,life.data.1 100 100 100,9

,,,,1149258169,2006-6-2 9:22,0,0,unknown,./life,life.data.1 100 100 100 > life.out,9

,,,,1149258173,2006-6-2 9:22,0,0,viewing,more,life.out,6

,,,,1149258182,2006-6-2 9:23,0,0,viewing,sort,life.out > life.sort,6

,,,,1149258184,2006-6-2 9:23,0,0,filecommand,ls,,1

,,,,1149258190,2006-6-2 9:23,0,0,viewing,sort,life.data.0 > life.sort,6

,,,,1149258194,2006-6-2 9:23,0,0,viewing,diff,life.sort life.sort,6

,,,,1149258221,2006-6-2 9:23,0,0,filecommand,ls,,1

,,,,1149258225,2006-6-2 9:23,0,0,viewing,more,life.data.0,6

,,,,1149258230,2006-6-2 9:23,0,0,viewing,more,life.data.1,6

,,,,1149258249,2006-6-2 9:24,0,0,filecommand,ls,,1

,,,,1149258312,2006-6-2 9:25,0,0,viewing,sort,life.data.1 > life.sort,6

,,,,1149258316,2006-6-2 9:25,0,0,viewing,diff,life.sort life.sort,6

,,,,1149258519,2006-6-2 9:28,0,0,filecommand,ls,,1

,,,,1149258540,2006-6-2 9:29,0,0,building,make,clean,2

,,,,1149258541,2006-6-2 9:29,0,0,building,make,,2

,,,,1149258549,2006-6-2 9:29,0,0,building,make,clean,2

,,,,1149258550,2006-6-2 9:29,2006-6-2 9:29,0, delete-print  ,0,0,2

,,,,1149258567,2006-6-2 9:29,0,0,unknown,./life,life.data.0 10 10 10,9

,,,,1149258579,2006-6-2 9:29,0,0,building,make,clean,2

,,,,1149258580,2006-6-2 9:29,0,0,building,make,,2

,,,,1149258585,2006-6-2 9:29,0,0,unknown,./life,life.data.0 10 10 10,9

,,,,1149258678,2006-6-2 9:31,0,0,filecommand,ls,,1

,,,,1149258721,2006-6-2 9:32,0,0,unknown,./life,life.data.1 100 100 100,9

,,,,1149258731,2006-6-2 9:32,0,0,unknown,./life,life.data.1 100 100 100,9

,,,,1149258764,2006-6-2 9:32,0,0,other,gnome-terminal,&,8

,,,,1149258772,2006-6-2 9:32,0,0,other,xterm,&,8

,,,,1149258930,2006-6-2 9:35,0,0,other,xterm,&,8

,,,,1149260101,2006-6-2 9:55,0,0,filecommand,ls,,1

,,,,1149260155,2006-6-2 9:55,0,0,building,make,clean,2

,,,,1149260159,2006-6-2 9:55,0,0,building,make,,2

,,,,1149260160,2006-6-2 9:56,2006-6-5 12:09,1573, change-print  ,6,9,2

,,,,1149260174,2006-6-2 9:56,0,0,unknown,./life,life.data.2 > life.out,9

,,,,1149260182,2006-6-2 9:56,0,0,unknown,./life,life.data.2 100 100 100 > life.out,9

,,,,1149260185,2006-6-2 9:56,0,0,viewing,more,life.out,6

,,,,1149260193,2006-6-2 9:56,0,0,viewing,sort,life.out > life.sort,6

,,,,1149260193,2006-6-2 9:56,0,0,filecommand,ls,,1

,,,,1149260268,2006-6-2 9:57,0,0,filecommand,ls,,1

,,,,1149260274,2006-6-2 9:57,0,0,viewing,sort,life.data.2 > life.sort,6

,,,,1149260278,2006-6-2 9:57,0,0,viewing,diff,life.sort life.sort,6

,,,,1149260282,2006-6-2 9:58,0,0,viewing,diff,life.sort life.sort,6

,,,,1149260287,2006-6-2 9:58,0,0,viewing,diff,life.sort life.sort | more,6

,,,,1149260306,2006-6-2 9:58,0,0,unknown,wc,life.sort,9

,,,,1149260309,2006-6-2 9:58,0,0,unknown,wc,life.sort,9

,,,,1149260318,2006-6-2 9:58,0,0,viewing,sort,life.data.2.100.100.100.out > life.sort,6

,,,,1149260322,2006-6-2 9:58,0,0,viewing,diff,life.sort life.sort | more,6

,,,,1149260328,2006-6-2 9:58,0,0,unknown,wc,life.sort,9

,,,,1149260332,2006-6-2 9:58,0,0,unknown,wc,life.sort,9

,,,,1149260345,2006-6-2 9:59,0,0,unknown,history,,9

,,,,1149260368,2006-6-2 9:59,0,0,unknown,wc,life.sort,9

,,,,1149260371,2006-6-2 9:59,0,0,unknown,wc,life.sort,9

,,,,1149260548,2006-6-2 10:02,0,0,filecommand,ls,,1

,,,,1149260756,2006-6-2 10:05,0,0,other,exit,,8

,,,,1149527053,2006-6-5 12:04,0,0,other,xterm,&,8

,,,,1149527397,2006-6-5 12:09,0,0,filecommand,pwd,,1

,,,,1149527397,2006-6-5 12:09,0,0,filecommand,ls,,1

,,,,1149527398,2006-6-5 12:09,0,0,building,make,,2

,,,,1149527399,2006-6-5 12:09,2006-6-5 13:00,50, ,0,1,0

,,,,1149527414,2006-6-5 12:10,0,0,unknown,./life,life.data.1 100 100 100 > life.out,9

,,,,1149527420,2006-6-5 12:10,0,0,viewing,sort,life.out > life.sort,6

,,,,1149527436,2006-6-5 12:10,0,0,viewing,sort,life.data.1.100.100.100.out > life.sort,6

,,,,1149527440,2006-6-5 12:10,0,0,viewing,diff,life.sort life.sort,6

,,,,1149527446,2006-6-5 12:10,0,0,viewing,sort,life.data.2.100.100.100.out > life.sort,6

,,,,1149527453,2006-6-5 12:10,0,0,unknown,./life,life.data.2 100 100 100 > life.out,9

,,,,1149527457,2006-6-5 12:10,0,0,viewing,sort,life.out > life.sort,6

,,,,1149527459,2006-6-5 12:10,0,0,viewing,diff,life.sort life.sort,6

,,,,1149527545,2006-6-5 12:12,0,0,filecommand,ls,,1

,,,,1149527553,2006-6-5 12:12,0,0,filecommand,cp,life.c mpilife.c,1

,,,,1149527554,2006-6-5 12:12,0,0,filecommand,ls,,1

,,,,1149527767,2006-6-5 12:16,0,0,documentation,man,MPI_Init,4

,,,,1149527788,2006-6-5 12:16,0,0,documentation,man,MPI_Comm_world,4

,,,,1149527794,2006-6-5 12:16,0,0,documentation,man,MPI_Comm_rank,4

,,,,1149527864,2006-6-5 12:17,0,0,documentation,man,MPI_Finalize,4

,,,,1149527962,2006-6-5 12:19,0,0,documentation,man,MPI_Send,4

,,,,1149527973,2006-6-5 12:19,0,0,documentation,man,MPI_Bcast,4

,,,,1149528121,2006-6-5 12:22,0,0,documentation,man,MPI_Bcast,4

,,,,1149528301,2006-6-5 12:25,0,0,documentation,man,MPI_Send,4

,,,,1149528437,2006-6-5 12:27,0,0,documentation,man,MPI_Recv,4

,,,,1149528761,2006-6-5 12:32,0,0,documentation,man,MPI_Bcast,4

,,,,1149530148,2006-6-5 12:55,0,0,documentation,man,MPI_Isend,4

,,,,1149530368,2006-6-5 12:59,0,0,filecommand,pwd,,1

,,,,1149530395,2006-6-5 12:59,0,0,building,make,mpilife,2

,,,,1149530409,2006-6-5 13:00,2006-6-5 13:22,22, change-print  change-print  change-print  add-print  add-MPI  add-MPI  add-MPI  add-MPI  add-print  add-MPI  ,40,24,0

,,,,1149530526,2006-6-5 13:02,0,0,documentation,man,lamboot,4

,,,,1149530543,2006-6-5 13:02,0,0,filecommand,ls,,1

,,,,1149530617,2006-6-5 13:03,0,0,filecommand,ls,,1

,,,,1149530703,2006-6-5 13:05,0,0,filecommand,ls,,1

,,,,1149530706,2006-6-5 13:05,0,0,unknown,history,,9

,,,,1149530768,2006-6-5 13:06,0,0,filecommand,ls,,1

,,,,1149530770,2006-6-5 13:06,0,0,running,qstat,,5

,,,,1149530775,2006-6-5 13:06,0,0,unknown,qstatus,,9

,,,,1149530778,2006-6-5 13:06,0,0,running,qsub,mpilife.sh,5

,,,,1149530780,2006-6-5 13:06,0,0,running,qstat,,5

,,,,1149530793,2006-6-5 13:06,0,0,running,qstat,,5

,,,,1149530798,2006-6-5 13:06,0,0,running,qstat,#NAME?,5

,,,,1149530800,2006-6-5 13:06,0,0,running,qstat,#NAME?,5

,,,,1149530806,2006-6-5 13:06,0,0,running,qstat,#NAME?,5

,,,,1149530808,2006-6-5 13:06,0,0,filecommand,ls,,1

,,,,1149530813,2006-6-5 13:06,0,0,viewing,more,mpilife.sh.e26080,6

,,,,1149530837,2006-6-5 13:07,0,0,viewing,more,mpilife.sh.o26080,6

,,,,1149530845,2006-6-5 13:07,0,0,viewing,more,mpilife.sh.o26080,6

,,,,1149530847,2006-6-5 13:07,0,0,filecommand,ls,,1

,,,,1149530855,2006-6-5 13:07,0,0,editing,emacs,#NAME?,7

,,,,1149530866,2006-6-5 13:07,0,0,filecommand,ls,,1

,,,,1149530878,2006-6-5 13:07,0,0,filecommand,rm,*~,1

,,,,1149530879,2006-6-5 13:07,0,0,filecommand,ls,,1

,,,,1149530882,2006-6-5 13:08,0,0,viewing,more,mpilife.sh.o26080,6

,,,,1149530884,2006-6-5 13:08,0,0,filecommand,ls,,1

,,,,1149530908,2006-6-5 13:08,0,0,viewing,sort,mpilife.sh.o26080 mpilife.sort,6

,,,,1149530911,2006-6-5 13:08,0,0,viewing,sort,mpilife.sh.o26080 > mpilife.sort,6

,,,,1149530914,2006-6-5 13:08,0,0,viewing,more,mpilife.sort,6

,,,,1149530915,2006-6-5 13:08,0,0,filecommand,ls,,1

,,,,1149530926,2006-6-5 13:08,0,0,viewing,sort,life.data.1.100.100.100.out > life.sort,6

,,,,1149530933,2006-6-5 13:08,0,0,viewing,diff,life.sort mpilife.sort,6

,,,,1149530946,2006-6-5 13:09,0,0,filecommand,ls,,1

,,,,1149530998,2006-6-5 13:09,0,0,running,qsub,mpilife.s,5

,,,,1149531001,2006-6-5 13:10,0,0,running,qsub,mpilife.sh,5

,,,,1149531004,2006-6-5 13:10,0,0,filecommand,ls,,1

,,,,1149531005,2006-6-5 13:10,0,0,filecommand,ls,,1

,,,,1149531006,2006-6-5 13:10,0,0,filecommand,ls,,1

,,,,1149531008,2006-6-5 13:10,0,0,running,qstat,,5

,,,,1149531009,2006-6-5 13:10,0,0,running,qstat,,5

,,,,1149531012,2006-6-5 13:10,0,0,running,qstat,,5

,,,,1149531013,2006-6-5 13:10,0,0,filecommand,ls,,1

,,,,1149531015,2006-6-5 13:10,0,0,filecommand,rm,*~,1

,,,,1149531016,2006-6-5 13:10,0,0,filecommand,ls,,1

,,,,1149531019,2006-6-5 13:10,0,0,running,qstat,,5

,,,,1149531042,2006-6-5 13:10,0,0,running,qstat,,5

,,,,1149531043,2006-6-5 13:10,0,0,filecommand,ls,,1

,,,,1149531050,2006-6-5 13:10,0,0,viewing,more,mpilife.sh.e26081,6

,,,,1149531062,2006-6-5 13:11,0,0,viewing,more,mpilife.sh.o26081,6

,,,,1149531065,2006-6-5 13:11,0,0,filecommand,ls,,1

,,,,1149531070,2006-6-5 13:11,0,0,editing,emacs,mpilife.sh.o26081,7

,,,,1149531081,2006-6-5 13:11,0,0,filecommand,ls,,1

,,,,1149531083,2006-6-5 13:11,0,0,filecommand,rm,*~,1

,,,,1149531083,2006-6-5 13:11,0,0,filecommand,ls,,1

,,,,1149531092,2006-6-5 13:11,0,0,viewing,sort,mpilife.sh.o26081 > mpilife.sort,6

,,,,1149531098,2006-6-5 13:11,0,0,viewing,diff,life.sort mpilife.sort,6

,,,,1149531127,2006-6-5 13:12,0,0,running,qsub,mpilife.sh,5

,,,,1149531143,2006-6-5 13:12,0,0,running,qstat,,5

,,,,1149531145,2006-6-5 13:12,0,0,running,qstat,,5

,,,,1149531154,2006-6-5 13:12,0,0,running,qstat,,5

,,,,1149531155,2006-6-5 13:12,0,0,running,qstat,,5

,,,,1149531169,2006-6-5 13:12,0,0,running,qstat,,5

,,,,1149531174,2006-6-5 13:12,0,0,unknown,s,,9

,,,,1149531176,2006-6-5 13:12,0,0,filecommand,ls,,1

,,,,1149531182,2006-6-5 13:13,0,0,editing,emacs,mpilife.sh.o26082,7

,,,,1149531205,2006-6-5 13:13,0,0,viewing,sort,mpilife.sh.o26082 > mpilife.sort,6

,,,,1149531212,2006-6-5 13:13,0,0,viewing,diff,mpilife.sort life.sort,6

,,,,1149531218,2006-6-5 13:13,0,0,viewing,diff,mpilife.sort life.sort,6

,,,,1149531219,2006-6-5 13:13,0,0,viewing,diff,mpilife.sort life.sort,6

,,,,1149531220,2006-6-5 13:13,0,0,viewing,diff,mpilife.sort life.sort,6

,,,,1149531243,2006-6-5 13:14,0,0,filecommand,ls,,1

,,,,1149531250,2006-6-5 13:14,0,0,viewing,more,mpilife.sh.o26082,6

,,,,1149531255,2006-6-5 13:14,0,0,filecommand,ls,,1

,,,,1149531257,2006-6-5 13:14,0,0,filecommand,rm,*~,1

,,,,1149531257,2006-6-5 13:14,0,0,filecommand,ls,,1

,,,,1149531266,2006-6-5 13:14,0,0,viewing,sort,mpilife.sh.o26082 > mpilife.sort,6

,,,,1149531274,2006-6-5 13:14,0,0,viewing,sort,life.data.1.100.100.100.out > life.sort,6

,,,,1149531278,2006-6-5 13:14,0,0,viewing,diff,mpilife.sort life.sort,6

,,,,1149531306,2006-6-5 13:15,0,0,filecommand,ls,,1

,,,,1149531309,2006-6-5 13:15,0,0,viewing,more,life.sort,6

,,,,1149531375,2006-6-5 13:16,0,0,filecommand,ls,,1

,,,,1149531378,2006-6-5 13:16,0,0,viewing,more,mpilife.sort,6

,,,,1149531577,2006-6-5 13:19,0,0,filecommand,ls,,1

,,,,1149531580,2006-6-5 13:19,0,0,unknown,history,,9

,,,,1149531746,2006-6-5 13:22,0,0,filecommand,ls,,1

,,,,1149531748,2006-6-5 13:22,0,0,building,make,clean,2

,,,,1149531751,2006-6-5 13:22,0,0,filecommand,rm,mpilife,1

,,,,1149531772,2006-6-5 13:22,0,0,building,make,mpigmake,2

,,,,1149531777,2006-6-5 13:22,0,0,building,make,mpilife,2

,,,,1149531779,2006-6-5 13:22,2006-6-6 14:19,5816, add-print  add-MPI  ,6,0,0

,,,,1149531802,2006-6-5 13:23,0,0,filecommand,rm,*.e26*,1

,,,,1149531806,2006-6-5 13:23,0,0,filecommand,rm,*.o26*,1

,,,,1149531806,2006-6-5 13:23,0,0,filecommand,ls,,1

,,,,1149531809,2006-6-5 13:23,0,0,filecommand,ls,,1

,,,,1149531815,2006-6-5 13:23,0,0,running,qsub,mpilife.sh,5

,,,,1149531818,2006-6-5 13:23,0,0,running,qstat,,5

,,,,1149531819,2006-6-5 13:23,0,0,filecommand,ls,,1

,,,,1149531825,2006-6-5 13:23,0,0,running,qstat,,5

,,,,1149531826,2006-6-5 13:23,0,0,running,qstat,,5

,,,,1149531828,2006-6-5 13:23,0,0,running,qstat,,5

,,,,1149531837,2006-6-5 13:23,0,0,running,qstat,,5

,,,,1149531838,2006-6-5 13:23,0,0,running,qstat,,5

,,,,1149531839,2006-6-5 13:23,0,0,running,qstat,,5

,,,,1149531840,2006-6-5 13:24,0,0,running,qstat,,5

,,,,1149531840,2006-6-5 13:24,0,0,running,qstat,,5

,,,,1149531841,2006-6-5 13:24,0,0,running,qstat,,5

,,,,1149531841,2006-6-5 13:24,0,0,running,qstat,,5

,,,,1149531842,2006-6-5 13:24,0,0,running,qstat,,5

,,,,1149531843,2006-6-5 13:24,0,0,running,qstat,,5

,,,,1149531846,2006-6-5 13:24,0,0,running,qstat,,5

,,,,1149531847,2006-6-5 13:24,0,0,running,qstat,,5

,,,,1149531848,2006-6-5 13:24,0,0,running,qstat,,5

,,,,1149531849,2006-6-5 13:24,0,0,running,qstat,,5

,,,,1149531849,2006-6-5 13:24,0,0,running,qstat,,5

,,,,1149531850,2006-6-5 13:24,0,0,running,qstat,,5

,,,,1149531855,2006-6-5 13:24,0,0,running,qstat,,5

,,,,1149531866,2006-6-5 13:24,0,0,running,qstat,,5

,,,,1149531867,2006-6-5 13:24,0,0,running,qstat,,5

,,,,1149531868,2006-6-5 13:24,0,0,running,qstat,,5

,,,,1149531872,2006-6-5 13:24,0,0,running,qstat,,5

,,,,1149531873,2006-6-5 13:24,0,0,running,qstat,,5

,,,,1149531875,2006-6-5 13:24,0,0,process,top,,3

,,,,1149531888,2006-6-5 13:24,0,0,process,top,,3

,,,,1149531892,2006-6-5 13:24,0,0,running,qstat,,5

,,,,1149531894,2006-6-5 13:24,0,0,running,qstat,,5

,,,,1149531895,2006-6-5 13:24,0,0,running,qstat,,5

,,,,1149531900,2006-6-5 13:25,0,0,running,qstat,,5

,,,,1149531901,2006-6-5 13:25,0,0,running,qstat,,5

,,,,1149531902,2006-6-5 13:25,0,0,running,qstat,,5

,,,,1149531903,2006-6-5 13:25,0,0,running,qstat,,5

,,,,1149531903,2006-6-5 13:25,0,0,running,qstat,,5

,,,,1149531904,2006-6-5 13:25,0,0,running,qstat,,5

,,,,1149531927,2006-6-5 13:25,0,0,running,qstat,,5

,,,,1149531929,2006-6-5 13:25,0,0,running,qstat,,5

,,,,1149531947,2006-6-5 13:25,0,0,running,qstat,,5

,,,,1149531948,2006-6-5 13:25,0,0,running,qstat,,5

,,,,1149531959,2006-6-5 13:25,0,0,running,qstat,,5

,,,,1149531962,2006-6-5 13:26,0,0,running,qstat,,5

,,,,1149531969,2006-6-5 13:26,0,0,running,qstat,,5

,,,,1149531976,2006-6-5 13:26,0,0,running,qstat,,5

,,,,1149531981,2006-6-5 13:26,0,0,running,qstat,,5

,,,,1149531985,2006-6-5 13:26,0,0,filecommand,ls,,1

,,,,1149531990,2006-6-5 13:26,0,0,filecommand,ls,,1

,,,,1149531992,2006-6-5 13:26,0,0,running,qstat,,5

,,,,1149531993,2006-6-5 13:26,0,0,running,qstat,,5

,,,,1149531995,2006-6-5 13:26,0,0,running,qstat,,5

,,,,1149532002,2006-6-5 13:26,0,0,documentation,man,qcancel,4

,,,,1149532014,2006-6-5 13:26,0,0,running,qdel,26083.rogueleade,5

,,,,1149532017,2006-6-5 13:26,0,0,running,qdel,26083.rogueleader,5

,,,,1149532020,2006-6-5 13:27,0,0,unknown,pu,,9

,,,,1149532022,2006-6-5 13:27,0,0,filecommand,ls,,1

,,,,1149532023,2006-6-5 13:27,0,0,filecommand,ls,,1

,,,,1149532031,2006-6-5 13:27,0,0,other,exit,,8

,,,,1149621386,2006-6-6 14:16,0,0,other,xterm,&,8

,,,,1149621431,2006-6-6 14:17,0,0,filecommand,pwd,,1

,,,,1149621431,2006-6-6 14:17,0,0,filecommand,ls,,1

,,,,1149621436,2006-6-6 14:17,0,0,filecommand,rm,mpilife.sort,1

,,,,1149621437,2006-6-6 14:17,0,0,filecommand,ls,,1

,,,,1149621441,2006-6-6 14:17,0,0,filecommand,rm,mpilife.sh.e26083,1

,,,,1149621444,2006-6-6 14:17,0,0,filecommand,rm,mpilife.sh.o26083,1

,,,,1149621444,2006-6-6 14:17,0,0,filecommand,ls,,1

,,,,1149621450,2006-6-6 14:17,0,0,filecommand,rm,life.sort,1

,,,,1149621450,2006-6-6 14:17,0,0,filecommand,ls,,1

,,,,1149621453,2006-6-6 14:17,0,0,filecommand,rm,life.sort,1

,,,,1149621453,2006-6-6 14:17,0,0,filecommand,ls,,1

,,,,1149621576,2006-6-6 14:19,0,0,building,make,mpilife,2

,,,,1149621578,2006-6-6 14:19,2006-6-6 14:21,1, change-print  ,0,1,0

,,,,1149621600,2006-6-6 14:20,0,0,filecommand,ls,,1

,,,,1149621606,2006-6-6 14:20,0,0,running,qsub,mpilife.sh,5

,,,,1149621608,2006-6-6 14:20,0,0,running,qstat,,5

,,,,1149621644,2006-6-6 14:20,0,0,running,qstat,,5

,,,,1149621645,2006-6-6 14:20,0,0,filecommand,ls,,1

,,,,1149621649,2006-6-6 14:20,0,0,viewing,more,mpilife.sh.e26085,6

,,,,1149621653,2006-6-6 14:20,0,0,viewing,more,mpilife.sh.o26085,6

,,,,1149621673,2006-6-6 14:21,0,0,building,make,mpilife,2

,,,,1149621676,2006-6-6 14:21,2006-6-6 14:28,7, change-MPI  change-MPI  add-print  add-MPI  add-degug  delete-print  delete-MPI  ,8,2,6

,,,,1149621829,2006-6-6 14:23,0,0,filecommand,ls,,1

,,,,1149621838,2006-6-6 14:23,0,0,viewing,more,mpilife.sh.o26086,6

,,,,1149621933,2006-6-6 14:25,0,0,filecommand,ls,,1

,,,,1149622112,2006-6-6 14:28,0,0,building,make,mpilife,2

,,,,1149622115,2006-6-6 14:28,2006-6-6 14:31,2, ,0,1,0

,,,,1149622140,2006-6-6 14:29,0,0,running,qstat,,5

,,,,1149622141,2006-6-6 14:29,0,0,filecommand,ls,,1

,,,,1149622148,2006-6-6 14:29,0,0,viewing,more,mpilife.sh.o26087,6

,,,,1149622151,2006-6-6 14:29,0,0,viewing,more,mpilife.sh.o26087,6

,,,,1149622153,2006-6-6 14:29,0,0,viewing,more,mpilife.sh.o26087,6

,,,,1149622163,2006-6-6 14:29,0,0,viewing,more,mpilife.sh.e26082,6

,,,,1149622167,2006-6-6 14:29,0,0,viewing,more,mpilife.sh.e260827,6

,,,,1149622169,2006-6-6 14:29,0,0,filecommand,ls,,1

,,,,1149622174,2006-6-6 14:29,0,0,viewing,more,mpilife.sh.e26087,6

,,,,1149622278,2006-6-6 14:31,0,0,building,make,mpilife,2

,,,,1149622280,2006-6-6 14:31,2006-6-6 14:33,1, change-print  ,0,2,0

,,,,1149622288,2006-6-6 14:31,0,0,running,qstat,,5

,,,,1149622333,2006-6-6 14:32,0,0,running,qstat,,5

,,,,1149622334,2006-6-6 14:32,0,0,filecommand,ls,,1

,,,,1149622340,2006-6-6 14:32,0,0,viewing,more,mpilife.sh.e26088,6

,,,,1149622345,2006-6-6 14:32,0,0,viewing,more,mpilife.sh.o26088,6

,,,,1149622349,2006-6-6 14:32,0,0,viewing,more,mpilife.sh.o26088,6

,,,,1149622383,2006-6-6 14:33,0,0,building,make,mpish,2

,,,,1149622385,2006-6-6 14:33,0,0,building,make,mpilife,2

,,,,1149622391,2006-6-6 14:33,0,0,filecommand,ls,,1

,,,,1149622395,2006-6-6 14:33,0,0,filecommand,rm,mpilife.sh.e2608*,1

,,,,1149622398,2006-6-6 14:33,0,0,filecommand,rm,mpilife.sh.o2608*,1

,,,,1149622398,2006-6-6 14:33,0,0,filecommand,ls,,1

,,,,1149622401,2006-6-6 14:33,0,0,running,qsub,mpilife.sh,5

,,,,1149622403,2006-6-6 14:33,0,0,filecommand,ls,,1

,,,,1149622451,2006-6-6 14:34,0,0,building,make,mpilife,2

,,,,1149622452,2006-6-6 14:34,0,0,building,make,clean,2

,,,,1149622456,2006-6-6 14:34,0,0,building,make,mpilife,2

,,,,1149622458,2006-6-6 14:34,2006-6-6 14:39,4, change-MPI  change-MPI  change-MPI  ,1,6,0

,,,,1149622465,2006-6-6 14:34,0,0,filecommand,ls,,1

,,,,1149622471,2006-6-6 14:34,0,0,filecommand,rm,mpilife.sh.e26089,1

,,,,1149622474,2006-6-6 14:34,0,0,filecommand,rm,mpilife.sh.o26089,1

,,,,1149622475,2006-6-6 14:34,0,0,filecommand,ls,,1

,,,,1149622477,2006-6-6 14:34,0,0,running,qstat,,5

,,,,1149622479,2006-6-6 14:34,0,0,filecommand,ls,,1

,,,,1149622546,2006-6-6 14:35,0,0,filecommand,ls,,1

,,,,1149622549,2006-6-6 14:35,0,0,viewing,more,mpilife.sh.e26090,6

,,,,1149622552,2006-6-6 14:35,0,0,viewing,more,mpilife.sh.o26090,6

,,,,1149622683,2006-6-6 14:38,0,0,filecommand,ls,,1

,,,,1149622702,2006-6-6 14:38,0,0,viewing,more,life.data.0,6

,,,,1149622706,2006-6-6 14:38,0,0,filecommand,ls,,1

,,,,1149622748,2006-6-6 14:39,0,0,building,make,mpilife,2

,,,,1149622751,2006-6-6 14:39,2006-6-6 14:40,1, add-MPI  ,3,0,0

,,,,1149622759,2006-6-6 14:39,0,0,filecommand,ls,,1

,,,,1149622760,2006-6-6 14:39,0,0,running,qstat,,5

,,,,1149622762,2006-6-6 14:39,0,0,running,qstat,,5

,,,,1149622763,2006-6-6 14:39,0,0,running,qstat,,5

,,,,1149622785,2006-6-6 14:39,0,0,filecommand,ls,,1

,,,,1149622787,2006-6-6 14:39,0,0,running,qstat,,5

,,,,1149622807,2006-6-6 14:40,0,0,running,qstat,,5

,,,,1149622808,2006-6-6 14:40,0,0,filecommand,ls,,1

,,,,1149622817,2006-6-6 14:40,0,0,viewing,more,mpilife.sh.e26091,6

,,,,1149622823,2006-6-6 14:40,0,0,viewing,more,mpilife.sh.o26091,6

,,,,1149622849,2006-6-6 14:40,0,0,building,make,mpilife,2

,,,,1149622852,2006-6-6 14:40,2006-6-6 14:43,2, ,2,0,1

,,,,1149622857,2006-6-6 14:40,0,0,filecommand,ls,,1

,,,,1149622895,2006-6-6 14:41,0,0,filecommand,ls,,1

,,,,1149622903,2006-6-6 14:41,0,0,viewing,more,mpilife.sh.o26092,6

,,,,1149622955,2006-6-6 14:42,0,0,documentation,man,memcpy,4

,,,,1149622993,2006-6-6 14:43,0,0,building,make,mpilife,2

,,,,1149622996,2006-6-6 14:43,2006-6-6 14:45,2, add-print  delete-MPI  ,2,0,3

,,,,1149623001,2006-6-6 14:43,0,0,filecommand,ls,,1

,,,,1149623007,2006-6-6 14:43,0,0,filecommand,rm,mpilife.sh.o2609*,1

,,,,1149623009,2006-6-6 14:43,0,0,filecommand,rm,mpilife.sh.e2609*,1

,,,,1149623010,2006-6-6 14:43,0,0,filecommand,ls,,1

,,,,1149623012,2006-6-6 14:43,0,0,running,qstat,,5

,,,,1149623012,2006-6-6 14:43,0,0,filecommand,ls,,1

,,,,1149623015,2006-6-6 14:43,0,0,filecommand,rm,*~,1

,,,,1149623016,2006-6-6 14:43,0,0,filecommand,ls,,1

,,,,1149623017,2006-6-6 14:43,0,0,filecommand,ls,,1

,,,,1149623032,2006-6-6 14:43,0,0,filecommand,ls,,1

,,,,1149623036,2006-6-6 14:43,0,0,viewing,more,mpilife.sh.o26093,6

,,,,1149623122,2006-6-6 14:45,0,0,building,make,mpilife,2

,,,,1149623131,2006-6-6 14:45,0,0,running,qsub,mpilife.sh,5

,,,,1149623133,2006-6-6 14:45,0,0,filecommand,ls,,1

,,,,1149623153,2006-6-6 14:45,0,0,filecommand,ls,,1

,,,,1149623156,2006-6-6 14:45,0,0,running,qstat,,5

,,,,1149623175,2006-6-6 14:46,0,0,filecommand,ls,,1

,,,,1149623181,2006-6-6 14:46,0,0,viewing,more,mpilife.sh.o26094,6

,,,,1149623250,2006-6-6 14:47,0,0,building,make,clean,2

,,,,1149623250,2006-6-6 14:47,0,0,building,make,,2

,,,,1149623254,2006-6-6 14:47,0,0,building,make,mpilife,2

,,,,1149623256,2006-6-6 14:47,2006-6-6 14:52,5, ,1,1,1

,,,,1149623262,2006-6-6 14:47,0,0,filecommand,ls,,1

,,,,1149623295,2006-6-6 14:48,0,0,filecommand,ls,,1

,,,,1149623303,2006-6-6 14:48,0,0,viewing,more,mpilife.sh.o26095,6

,,,,1149623329,2006-6-6 14:48,0,0,running,qsub,mpilife.sh,5

,,,,1149623337,2006-6-6 14:48,0,0,running,qstat,,5

,,,,1149623550,2006-6-6 14:52,0,0,building,make,mpirun,2

,,,,1149623558,2006-6-6 14:52,0,0,building,make,mpilife,2

,,,,1149623560,2006-6-6 14:52,2006-6-6 14:57,4, ,0,1,0

,,,,1149623566,2006-6-6 14:52,0,0,filecommand,ls,,1

,,,,1149623571,2006-6-6 14:52,0,0,filecommand,rm,mpilife.sh.o2609*,1

,,,,1149623574,2006-6-6 14:52,0,0,filecommand,rm,mpilife.sh.e2609*,1

,,,,1149623574,2006-6-6 14:52,0,0,filecommand,ls,,1

,,,,1149623576,2006-6-6 14:52,0,0,running,qstat,,5

,,,,1149623590,2006-6-6 14:53,0,0,filecommand,ls,,1

,,,,1149623593,2006-6-6 14:53,0,0,filecommand,ls,,1

,,,,1149623595,2006-6-6 14:53,0,0,running,qstat,,5

,,,,1149623598,2006-6-6 14:53,0,0,running,qstat,,5

,,,,1149623602,2006-6-6 14:53,0,0,filecommand,ls,,1

,,,,1149623605,2006-6-6 14:53,0,0,viewing,more,mpilife.sh.e26097,6

,,,,1149623612,2006-6-6 14:53,0,0,viewing,more,mpilife.sh.o26097,6

,,,,1149623617,2006-6-6 14:53,0,0,filecommand,ls,,1

,,,,1149623846,2006-6-6 14:57,0,0,building,make,mpilife,2

,,,,1149623854,2006-6-6 14:57,0,0,running,qsub,mpilife.sh,5

,,,,1149623856,2006-6-6 14:57,0,0,filecommand,ls,,1

,,,,1149624497,2006-6-6 15:08,0,0,building,make,mpilife,2

,,,,1149624500,2006-6-6 15:08,2006-6-6 15:12,3, change-print  add-print  add-degug  ,6,1,0

,,,,1149624505,2006-6-6 15:08,0,0,filecommand,ls,,1

,,,,1149624538,2006-6-6 15:08,0,0,unknown,qstata,,9

,,,,1149624539,2006-6-6 15:08,0,0,running,qstat,,5

,,,,1149624721,2006-6-6 15:12,0,0,building,make,mpilife,2

,,,,1149624724,2006-6-6 15:12,2006-6-6 15:15,3, change-print  ,0,3,0

,,,,1149624732,2006-6-6 15:12,0,0,running,qsub,mpilife.sh,5

,,,,1149624733,2006-6-6 15:12,0,0,filecommand,ls,,1

,,,,1149624739,2006-6-6 15:12,0,0,filecommand,rm,mpilife.sh.e2609*,1

,,,,1149624742,2006-6-6 15:12,0,0,filecommand,rm,mpilife.sh.o2609*,1

,,,,1149624743,2006-6-6 15:12,0,0,filecommand,ls,,1

,,,,1149624746,2006-6-6 15:12,0,0,running,qstat,,5

,,,,1149624753,2006-6-6 15:12,0,0,filecommand,ls,,1

,,,,1149624754,2006-6-6 15:12,0,0,filecommand,ls,,1

,,,,1149624760,2006-6-6 15:12,0,0,unknown,qcancel,,9

,,,,1149624762,2006-6-6 15:12,0,0,unknown,qremove,,9

,,,,1149624766,2006-6-6 15:12,0,0,running,qstat,,5

,,,,1149624768,2006-6-6 15:12,0,0,filecommand,ls,,1

,,,,1149624773,2006-6-6 15:12,0,0,viewing,more,mpilife.e26100,6

,,,,1149624775,2006-6-6 15:12,0,0,filecommand,rm,mpilife.e26100,1

,,,,1149624779,2006-6-6 15:12,0,0,filecommand,rm,mpilife.o26100,1

,,,,1149624780,2006-6-6 15:13,0,0,filecommand,ls,,1

,,,,1149624782,2006-6-6 15:13,0,0,filecommand,rm,*~,1

,,,,1149624782,2006-6-6 15:13,0,0,unknown,l,,9

,,,,1149624783,2006-6-6 15:13,0,0,filecommand,ls,,1

,,,,1149624786,2006-6-6 15:13,0,0,filecommand,ls,,1

,,,,1149624789,2006-6-6 15:13,0,0,filecommand,ls,,1

,,,,1149624795,2006-6-6 15:13,0,0,viewing,more,mpilife.sh.e26101,6

,,,,1149624802,2006-6-6 15:13,0,0,viewing,more,mpilife.sh.o26101,6

,,,,1149624932,2006-6-6 15:15,0,0,building,make,mpilife,2

,,,,1149624935,2006-6-6 15:15,2006-6-6 15:18,2, change-degug  ,0,2,0

,,,,1149624943,2006-6-6 15:15,0,0,filecommand,ls,,1

,,,,1149624946,2006-6-6 15:15,0,0,filecommand,rm,mpilife.sh.e26101,1

,,,,1149624952,2006-6-6 15:15,0,0,filecommand,rm,mpilife.sh.o26101,1

,,,,1149624952,2006-6-6 15:15,0,0,filecommand,ls,,1

,,,,1149624955,2006-6-6 15:15,0,0,running,qstat,,5

,,,,1149624970,2006-6-6 15:16,0,0,running,qstat,,5

,,,,1149624980,2006-6-6 15:16,0,0,running,qstat,,5

,,,,1149624981,2006-6-6 15:16,0,0,filecommand,ls,,1

,,,,1149624986,2006-6-6 15:16,0,0,viewing,more,mpilife.sh.o26102,6

,,,,1149625087,2006-6-6 15:18,0,0,building,make,mpilife,2

,,,,1149625089,2006-6-6 15:18,2006-6-10 13:08,5630, change-print  change-print  delete-print  delete-degug  ,0,5,6

,,,,1149625095,2006-6-6 15:18,0,0,viewing,more,mpilife.sh,6

,,,,1149625098,2006-6-6 15:18,0,0,filecommand,ls,,1

,,,,1149625103,2006-6-6 15:18,0,0,viewing,more,mpilife.sh.e26102,6

,,,,1149625130,2006-6-6 15:18,0,0,filecommand,ls,,1

,,,,1149625138,2006-6-6 15:18,0,0,viewing,more,mpilife.sh.e26103,6

,,,,1149625161,2006-6-6 15:19,0,0,running,qsub,mpilife.sh,5

,,,,1149625163,2006-6-6 15:19,0,0,running,qstat,,5

,,,,1149625199,2006-6-6 15:19,0,0,filecommand,ls,,1

,,,,1149625208,2006-6-6 15:20,0,0,viewing,more,mpilife.sh.e26104,6

,,,,1149625215,2006-6-6 15:20,0,0,viewing,more,mpilife.sh.o26104,6

,,,,1149625349,2006-6-6 15:22,0,0,viewing,more,mpilife.sh.o26104,6

,,,,1149625435,2006-6-6 15:23,0,0,running,qsub,mpilife.sh,5

,,,,1149625437,2006-6-6 15:23,0,0,filecommand,ls,,1

,,,,1149625536,2006-6-6 15:25,0,0,filecommand,ls,,1

,,,,1149625543,2006-6-6 15:25,0,0,viewing,more,mpilife.sh.o26105,6

,,,,1149625618,2006-6-6 15:26,0,0,editing,emacs,#NAME?,7

,,,,1149626222,2006-6-6 15:37,0,0,other,exit,,8

,,,,1149962727,2006-6-10 13:05,0,0,other,xterm,&,8

,,,,1149962753,2006-6-10 13:05,0,0,filecommand,ls,,1

,,,,1149962929,2006-6-10 13:08,0,0,building,make,,2

,,,,1149962932,2006-6-10 13:08,0,0,building,make,mpilife,2

,,,,1149962935,2006-6-10 13:08,2006-6-10 13:21,12, change-print  ,0,6,0

,,,,1149962960,2006-6-10 13:09,0,0,filecommand,ls,,1

,,,,1149962967,2006-6-10 13:09,0,0,filecommand,rm,mpilife.sh.e*,1

,,,,1149962969,2006-6-10 13:09,0,0,filecommand,rm,mpilife.sh.o*,1

,,,,1149962969,2006-6-10 13:09,0,0,filecommand,ls,,1

,,,,1149962974,2006-6-10 13:09,0,0,running,qsub,mpilife.sh,5

,,,,1149963013,2006-6-10 13:10,0,0,filecommand,ls,,1

,,,,1149963016,2006-6-10 13:10,0,0,running,qstat,,5

,,,,1149963027,2006-6-10 13:10,0,0,documentation,man,qstat,4

,,,,1149963035,2006-6-10 13:10,0,0,filecommand,ls,,1

,,,,1149963039,2006-6-10 13:10,0,0,viewing,more,mpilife.sh.e26107,6

,,,,1149963042,2006-6-10 13:10,0,0,viewing,more,mpilife.sh.o26107,6

,,,,1149963060,2006-6-10 13:11,0,0,editing,emacs,#NAME?,7

,,,,1149963095,2006-6-10 13:11,0,0,running,qsub,mpilife.sh,5

,,,,1149963099,2006-6-10 13:11,0,0,running,qstat,,5

,,,,1149963102,2006-6-10 13:11,0,0,editing,emacs,#NAME?,7

,,,,1149963191,2006-6-10 13:13,0,0,filecommand,ls,,1

,,,,1149963194,2006-6-10 13:13,0,0,editing,emacs,#NAME?,7

,,,,1149963665,2006-6-10 13:21,0,0,building,make,mpilife,2

,,,,1149963667,2006-6-10 13:21,2006-6-10 13:24,3, add-print  add-degug  ,7,2,0

,,,,1149963674,2006-6-10 13:21,0,0,running,qstat,,5

,,,,1149963685,2006-6-10 13:21,0,0,running,qstat,,5

,,,,1149963735,2006-6-10 13:22,0,0,filecommand,ls,,1

,,,,1149963737,2006-6-10 13:22,0,0,running,qstat,,5

,,,,1149963742,2006-6-10 13:22,0,0,editing,emacs,#NAME?,7

,,,,1149963862,2006-6-10 13:24,0,0,building,make,mpilife,2

,,,,1149963865,2006-6-10 13:24,2006-6-10 13:29,5, change-print  change-print  change-print  ,0,3,0

,,,,1149963872,2006-6-10 13:24,0,0,building,make,mpilife,2

,,,,1149963878,2006-6-10 13:24,0,0,building,make,mpilife,2

,,,,1149963887,2006-6-10 13:24,0,0,running,qsub,mpilife.sh,5

,,,,1149963889,2006-6-10 13:24,0,0,unknown,pu,,9

,,,,1149963891,2006-6-10 13:24,0,0,running,qstat,,5

,,,,1149964010,2006-6-10 13:26,0,0,filecommand,ls,,1

,,,,1149964018,2006-6-10 13:26,0,0,editing,emacs,#NAME?,7

,,,,1149964187,2006-6-10 13:29,0,0,building,make,mpilife,2

,,,,1149964189,2006-6-10 13:29,2006-6-10 13:35,5, change-print  change-print  ,0,2,0

,,,,1149964245,2006-6-10 13:30,0,0,filecommand,ls,,1

,,,,1149964249,2006-6-10 13:30,0,0,editing,emacs,#NAME?,7

,,,,1149964544,2006-6-10 13:35,0,0,building,make,mpilife,2

,,,,1149964546,2006-6-10 13:35,2006-6-10 13:49,13, add-MPI  add-MPI  ,2,1,0

,,,,1149964603,2006-6-10 13:36,0,0,filecommand,ls,,1

,,,,1149964605,2006-6-10 13:36,0,0,running,qstat,,5

,,,,1149964616,2006-6-10 13:36,0,0,filecommand,ls,,1

,,,,1149964618,2006-6-10 13:36,0,0,filecommand,ls,,1

,,,,1149964619,2006-6-10 13:36,0,0,running,qstat,,5

,,,,1149964638,2006-6-10 13:37,0,0,unknown,l,,9

,,,,1149964639,2006-6-10 13:37,0,0,filecommand,ls,,1

,,,,1149964648,2006-6-10 13:37,0,0,editing,emacs,#NAME?,7

,,,,1149964787,2006-6-10 13:39,0,0,running,qsub,mpilife.sh,5

,,,,1149964790,2006-6-10 13:39,0,0,filecommand,ls,,1

,,,,1149964796,2006-6-10 13:39,0,0,filecommand,rm,mpilife.sort,1

,,,,1149964799,2006-6-10 13:39,0,0,filecommand,ls,,1

,,,,1149964803,2006-6-10 13:40,0,0,filecommand,rm,mpilife.sh.o261*,1

,,,,1149964805,2006-6-10 13:40,0,0,filecommand,rm,mpilife.sh.e261*,1

,,,,1149964806,2006-6-10 13:40,0,0,filecommand,ls,,1

,,,,1149964808,2006-6-10 13:40,0,0,filecommand,rm,#mpilife.sh.o26108#,1

,,,,1149964809,2006-6-10 13:40,0,0,filecommand,ls,,1

,,,,1149964812,2006-6-10 13:40,0,0,running,qstat,,5

,,,,1149964812,2006-6-10 13:40,0,0,filecommand,ls,,1

,,,,1149964826,2006-6-10 13:40,0,0,viewing,sort,life.data.1.100.100.100.out > life.sort,6

,,,,1149964827,2006-6-10 13:40,0,0,filecommand,ls,,1

,,,,1149964837,2006-6-10 13:40,0,0,filecommand,ls,,1

,,,,1149964839,2006-6-10 13:40,0,0,running,qstat,,5

,,,,1149964880,2006-6-10 13:41,0,0,filecommand,ls,,1

,,,,1149964881,2006-6-10 13:41,0,0,filecommand,ls,,1

,,,,1149964882,2006-6-10 13:41,0,0,running,qstat,,5

,,,,1149964883,2006-6-10 13:41,0,0,filecommand,ls,,1

,,,,1149964884,2006-6-10 13:41,0,0,filecommand,ls,,1

,,,,1149964943,2006-6-10 13:42,0,0,filecommand,ls,,1

,,,,1149964944,2006-6-10 13:42,0,0,filecommand,ls,,1

,,,,1149964946,2006-6-10 13:42,0,0,running,qstat,,5

,,,,1149964949,2006-6-10 13:42,0,0,filecommand,ls,,1

,,,,1149964951,2006-6-10 13:42,0,0,running,qstat,,5

,,,,1149964980,2006-6-10 13:43,0,0,filecommand,ls,,1

,,,,1149964982,2006-6-10 13:43,0,0,running,qstat,,5

,,,,1149965001,2006-6-10 13:43,0,0,filecommand,ls,,1

,,,,1149965003,2006-6-10 13:43,0,0,running,qstat,,5

,,,,1149965035,2006-6-10 13:43,0,0,filecommand,ls,,1

,,,,1149965041,2006-6-10 13:44,0,0,editing,emacs,#NAME?,7

,,,,1149965084,2006-6-10 13:44,0,0,editing,emacs,#NAME?,7

,,,,1149965168,2006-6-10 13:46,0,0,viewing,tail,-100 mpilife.sh.o26113,6

,,,,1149965171,2006-6-10 13:46,0,0,viewing,tail,-100 mpilife.sh.o26113 | more,6

,,,,1149965182,2006-6-10 13:46,0,0,viewing,tail,-100 mpilife.sh.o26113 > mpilife.out,6

,,,,1149965185,2006-6-10 13:46,0,0,editing,emacs,mpilife.out,7

,,,,1149965193,2006-6-10 13:46,0,0,editing,emacs,#NAME?,7

,,,,1149965211,2006-6-10 13:46,0,0,viewing,sort,mpilife.out > mpilife.sort,6

,,,,1149965212,2006-6-10 13:46,0,0,filecommand,ls,,1

,,,,1149965216,2006-6-10 13:46,0,0,unknown,wc,mpilife.sort,9

,,,,1149965222,2006-6-10 13:47,0,0,unknown,wc,life.sort,9

,,,,1149965226,2006-6-10 13:47,0,0,viewing,diff,life.sort mpilife.sort,6

,,,,1149965237,2006-6-10 13:47,0,0,filecommand,rm,mpilife.sort,1

,,,,1149965237,2006-6-10 13:47,0,0,filecommand,ls,,1

,,,,1149965295,2006-6-10 13:48,0,0,documentation,man,MPI_Barrier,4

,,,,1149965360,2006-6-10 13:49,0,0,building,make,mpilife,2

,,,,1149965367,2006-6-10 13:49,0,0,running,qsub,mpilife.sh,5

,,,,1149965369,2006-6-10 13:49,0,0,unknown,pu,,9

,,,,1149965371,2006-6-10 13:49,0,0,running,qstat,,5

,,,,1149965372,2006-6-10 13:49,0,0,filecommand,ls,,1

,,,,1149965374,2006-6-10 13:49,0,0,filecommand,rm,*~,1

,,,,1149965375,2006-6-10 13:49,0,0,filecommand,ls,,1

,,,,1149965376,2006-6-10 13:49,0,0,filecommand,rm,#mpilife.sh.o26113#,1

,,,,1149965377,2006-6-10 13:49,0,0,filecommand,ls,,1

,,,,1149965385,2006-6-10 13:49,0,0,filecommand,rm,mpilife.out,1

,,,,1149965385,2006-6-10 13:49,0,0,filecommand,ls,,1

,,,,1149965388,2006-6-10 13:49,0,0,running,qstat,,5

,,,,1149965392,2006-6-10 13:49,0,0,running,qstat,,5

,,,,1149965393,2006-6-10 13:49,0,0,running,qstat,,5

,,,,1149965394,2006-6-10 13:49,0,0,running,qstat,,5

,,,,1149965396,2006-6-10 13:49,0,0,running,qstat,,5

,,,,1149965397,2006-6-10 13:49,0,0,running,qstat,,5

,,,,1149965398,2006-6-10 13:49,0,0,filecommand,ls,,1

,,,,1149965409,2006-6-10 13:50,0,0,editing,emacs,#NAME?,7

,,,,1149965421,2006-6-10 13:50,0,0,unknown,wc,mpilife.sh.o26114,9

,,,,1149965431,2006-6-10 13:50,0,0,viewing,sort,mpilife.sh.o26114 > mpilife.sort,6

,,,,1149965439,2006-6-10 13:50,0,0,viewing,diff,mpilife.sort life.sort,6

,,,,1149965478,2006-6-10 13:51,0,0,running,qsub,mpilife.sh,5

,,,,1149965509,2006-6-10 13:51,0,0,running,qstat,,5

,,,,1149965510,2006-6-10 13:51,0,0,filecommand,ls,,1

,,,,1149965513,2006-6-10 13:51,0,0,filecommand,rm,*~,1

,,,,1149965518,2006-6-10 13:51,0,0,editing,emacs,#NAME?,7

,,,,1149965544,2006-6-10 13:52,0,0,viewing,sort,mpilife.sh.o26115 > mpilife.sort,6

,,,,1149965552,2006-6-10 13:52,0,0,unknown,wc,mpilife.sort,9

,,,,1149965562,2006-6-10 13:52,0,0,unknown,wc,life.data.2.100.100.100.out,9

,,,,1149965601,2006-6-10 13:53,0,0,viewing,sort,life.data.2.100.100.100.out > life.sort,6

,,,,1149965605,2006-6-10 13:53,0,0,unknown,wc,life.sort,9

,,,,1149965616,2006-6-10 13:53,0,0,editing,emacs,#NAME?,7

,,,,1149965628,2006-6-10 13:53,0,0,filecommand,rm,*~,1

,,,,1149965629,2006-6-10 13:53,0,0,filecommand,ls,,1

,,,,1149965692,2006-6-10 13:54,0,0,running,qsub,mpilife.sh,5

,,,,1149965714,2006-6-10 13:55,0,0,running,qsub,mpilife.sh,5

,,,,1149965717,2006-6-10 13:55,0,0,running,qstat,,5

,,,,1149965724,2006-6-10 13:55,0,0,running,qstat,,5

,,,,1149965725,2006-6-10 13:55,0,0,filecommand,ls,,1

,,,,1149965737,2006-6-10 13:55,0,0,editing,emacs,mpilife.sh.o26116,7

,,,,1149965758,2006-6-10 13:55,0,0,viewing,sort,mpilife.sh.o26116 > mpilife.sort,6

,,,,1149965776,2006-6-10 13:56,0,0,viewing,sort,life.data.1.100.100.100.out > life.data.1.sort,6

,,,,1149965788,2006-6-10 13:56,0,0,viewing,diff,mpilife.sort life.data.1.sort,6

,,,,1149965793,2006-6-10 13:56,0,0,viewing,more,mpilife.sort,6

,,,,1149965798,2006-6-10 13:56,0,0,viewing,more,life.data.1.sort,6

,,,,1149965800,2006-6-10 13:56,0,0,viewing,more,mpilife.sort,6

,,,,1149965803,2006-6-10 13:56,0,0,filecommand,ls,,1

,,,,1149965822,2006-6-10 13:57,0,0,viewing,sort,life.data.2.100.100.100.out > life.data.2.sort,6

,,,,1149965825,2006-6-10 13:57,0,0,unknown,qsta,,9

,,,,1149965826,2006-6-10 13:57,0,0,running,qstat,,5

,,,,1149965829,2006-6-10 13:57,0,0,running,qstat,,5

,,,,1149965831,2006-6-10 13:57,0,0,running,qstat,,5

,,,,1149965833,2006-6-10 13:57,0,0,running,qstat,,5

,,,,1149965834,2006-6-10 13:57,0,0,filecommand,ls,,1

,,,,1149965839,2006-6-10 13:57,0,0,filecommand,ls,,1

,,,,1149965844,2006-6-10 13:57,0,0,running,qstat,,5

,,,,1149965847,2006-6-10 13:57,0,0,filecommand,ls,,1

,,,,1149965848,2006-6-10 13:57,0,0,filecommand,ls,,1

,,,,1149965860,2006-6-10 13:57,0,0,unknown,wc,life.data.2.sort,9

,,,,1149965864,2006-6-10 13:57,0,0,filecommand,ls,,1

,,,,1149965866,2006-6-10 13:57,0,0,running,qstat,,5

,,,,1149965869,2006-6-10 13:57,0,0,running,qstat,,5

,,,,1149965870,2006-6-10 13:57,0,0,running,qstat,,5

,,,,1149965871,2006-6-10 13:57,0,0,running,qstat,,5

,,,,1149965873,2006-6-10 13:57,0,0,running,qstat,,5

,,,,1149965875,2006-6-10 13:57,0,0,running,qstat,,5

,,,,1149965876,2006-6-10 13:57,0,0,running,qstat,,5

,,,,1149965877,2006-6-10 13:57,0,0,running,qstat,,5

,,,,1149965881,2006-6-10 13:58,0,0,running,qstat,,5

,,,,1149965888,2006-6-10 13:58,0,0,running,qstat,,5

,,,,1149965891,2006-6-10 13:58,0,0,running,qstat,,5

,,,,1149965894,2006-6-10 13:58,0,0,running,qstat,,5

,,,,1149965895,2006-6-10 13:58,0,0,running,qstat,,5

,,,,1149965899,2006-6-10 13:58,0,0,running,qstat,,5

,,,,1149965900,2006-6-10 13:58,0,0,running,qstat,,5

,,,,1149965902,2006-6-10 13:58,0,0,running,qstat,,5

,,,,1149965904,2006-6-10 13:58,0,0,running,qstat,,5

,,,,1149965906,2006-6-10 13:58,0,0,running,qstat,,5

,,,,1149965910,2006-6-10 13:58,0,0,running,qstat,#NAME?,5

,,,,1149965912,2006-6-10 13:58,0,0,running,qstat,#NAME?,5

,,,,1149965916,2006-6-10 13:58,0,0,running,qstat,#NAME?,5

,,,,1149965920,2006-6-10 13:58,0,0,running,qstat,#NAME?,5

,,,,1149965921,2006-6-10 13:58,0,0,running,qstat,#NAME?,5

,,,,1149965922,2006-6-10 13:58,0,0,running,qstat,#NAME?,5

,,,,1149965923,2006-6-10 13:58,0,0,running,qstat,#NAME?,5

,,,,1149965924,2006-6-10 13:58,0,0,running,qstat,#NAME?,5

,,,,1149965944,2006-6-10 13:59,0,0,documentation,man,qsub,4

,,,,1149965960,2006-6-10 13:59,0,0,unknown,qcancel,26117.rogueleader,9

,,,,1149965965,2006-6-10 13:59,0,0,running,qdel,26117.rogueleader,5

,,,,1149965967,2006-6-10 13:59,0,0,running,qstat,,5

,,,,1149965970,2006-6-10 13:59,0,0,running,qstat,,5

,,,,1149965973,2006-6-10 13:59,0,0,running,qstat,,5

,,,,1149966025,2006-6-10 14:00,0,0,running,qdel,,5

,,,,1149966027,2006-6-10 14:00,0,0,running,qstat,,5

,,,,1149966046,2006-6-10 14:00,0,0,running,qstat,#NAME?,5

,,,,1149966047,2006-6-10 14:00,0,0,running,qstat,#NAME?,5

,,,,1149966069,2006-6-10 14:01,0,0,running,qdel,26117,5

,,,,1149966071,2006-6-10 14:01,0,0,running,qstat,,5

,,,,1149966079,2006-6-10 14:01,0,0,unknown,pu,,9

,,,,1149966080,2006-6-10 14:01,0,0,filecommand,ls,,1

,,,,1149966091,2006-6-10 14:01,0,0,running,qdel,26117.rogueleader,5

,,,,1149966100,2006-6-10 14:01,0,0,running,qstat,,5

,,,,1149966127,2006-6-10 14:02,0,0,running,qsub,mpilife.sh,5

,,,,1149966137,2006-6-10 14:02,0,0,running,qdel,26117.rogueleader.umiacs.umd.edu,5

,,,,1149966139,2006-6-10 14:02,0,0,running,qstat,,5

,,,,1149966144,2006-6-10 14:02,0,0,running,qdel,26118.rogueleader.umiacs.umd.edu,5

,,,,1149966146,2006-6-10 14:02,0,0,running,qstat,,5

,,,,1149966160,2006-6-10 14:02,0,0,running,qstat,,5

,,,,1149966172,2006-6-10 14:02,0,0,running,qstat,,5

,,,,1149966174,2006-6-10 14:02,0,0,filecommand,ls,,1

,,,,1149966182,2006-6-10 14:03,0,0,viewing,more,mpilife.sh.e26118,6

,,,,1149966187,2006-6-10 14:03,0,0,viewing,more,mpilife.sh.o26118,6

,,,,1149966190,2006-6-10 14:03,0,0,filecommand,ls,,1

,,,,1149966192,2006-6-10 14:03,0,0,running,qstat,,5

,,,,1149966212,2006-6-10 14:03,0,0,editing,emacs,#NAME?,7

,,,,1149966229,2006-6-10 14:03,0,0,unknown,wc,mpilife.sh.o26118,9

,,,,1149966237,2006-6-10 14:03,0,0,unknown,wc,life.data.2.sort,9

,,,,1149966340,2006-6-10 14:05,0,0,building,make,mpilife,2

,,,,1149966366,2006-6-10 14:06,0,0,building,make,mpilife,2

,,,,1149966374,2006-6-10 14:06,0,0,running,qstat,,5

,,,,1149966384,2006-6-10 14:06,0,0,running,qsub,mpilife.sh,5

,,,,1149966404,2006-6-10 14:06,0,0,running,qdel,26117.rogueleader.umiacs.umd.edu,5

,,,,1149966406,2006-6-10 14:06,0,0,running,qstat,,5

,,,,1149966409,2006-6-10 14:06,0,0,running,qstat,,5

,,,,1149966410,2006-6-10 14:06,0,0,running,qstat,,5

,,,,1149966413,2006-6-10 14:06,0,0,running,qstat,,5

,,,,1149966415,2006-6-10 14:06,0,0,running,qstat,,5

,,,,1149966415,2006-6-10 14:06,0,0,running,qstat,,5

,,,,1149966417,2006-6-10 14:06,0,0,running,qstat,,5

,,,,1149966418,2006-6-10 14:06,0,0,filecommand,ls,,1

,,,,1149966430,2006-6-10 14:07,0,0,running,qstat,#NAME?,5

,,,,1149966453,2006-6-10 14:07,0,0,documentation,man,qalter,4

,,,,1149966487,2006-6-10 14:08,0,0,filecommand,ls,,1

,,,,1149966496,2006-6-10 14:08,0,0,editing,emacs,mpilife.sh.o26119,7

,,,,1149966528,2006-6-10 14:08,0,0,building,make,clean,2

,,,,1149966532,2006-6-10 14:08,0,0,building,make,mpigmae,2

,,,,1149966534,2006-6-10 14:08,0,0,building,make,mpilife,2

,,,,1149966540,2006-6-10 14:09,0,0,running,qsub,mpilife.sh,5

,,,,1149966543,2006-6-10 14:09,0,0,filecommand,ls,,1

,,,,1149966549,2006-6-10 14:09,0,0,filecommand,rm,mpilife.sh.e2611*,1

,,,,1149966551,2006-6-10 14:09,0,0,filecommand,rm,mpilife.sh.o2611*,1

,,,,1149966552,2006-6-10 14:09,0,0,filecommand,ls,,1

,,,,1149966556,2006-6-10 14:09,0,0,filecommand,rm,*~,1

,,,,1149966556,2006-6-10 14:09,0,0,filecommand,ls,,1

,,,,1149966561,2006-6-10 14:09,0,0,filecommand,ls,,1

,,,,1149966562,2006-6-10 14:09,0,0,filecommand,ls,,1

,,,,1149966563,2006-6-10 14:09,0,0,running,qstat,,5

,,,,1149966566,2006-6-10 14:09,0,0,running,qstat,,5

,,,,1149966568,2006-6-10 14:09,0,0,running,qstat,,5

,,,,1149966675,2006-6-10 14:11,0,0,filecommand,ls,,1

,,,,1149966679,2006-6-10 14:11,0,0,editing,emacs,mpilife.sh.o26120,7

,,,,1149966718,2006-6-10 14:11,0,0,building,make,clean,2

,,,,1149966722,2006-6-10 14:12,0,0,building,make,mpilife,2

,,,,1149966737,2006-6-10 14:12,0,0,building,make,mpilife,2

,,,,1149966739,2006-6-10 14:12,2006-6-10 14:43,31, change-MPI  change-MPI  add-MPI  delete-MPI  ,56,20,5

,,,,1149966748,2006-6-10 14:12,0,0,running,qstat,,5

,,,,1149966752,2006-6-10 14:12,0,0,running,qstat,,5

,,,,1149966753,2006-6-10 14:12,0,0,filecommand,ls,,1

,,,,1149966762,2006-6-10 14:12,0,0,viewing,more,mpilife.sh.e26117,6

,,,,1149966766,2006-6-10 14:12,0,0,viewing,more,mpilife.sh.o26117,6

,,,,1149966770,2006-6-10 14:12,0,0,filecommand,ls,,1

,,,,1149966775,2006-6-10 14:12,0,0,filecommand,rm,mpilife.sh.e26117,1

,,,,1149966778,2006-6-10 14:12,0,0,filecommand,rm,mpilife.sh.o26117,1

,,,,1149966779,2006-6-10 14:12,0,0,filecommand,ls,,1

,,,,1149966792,2006-6-10 14:13,0,0,filecommand,ls,,1

,,,,1149966795,2006-6-10 14:13,0,0,running,qstat,,5

,,,,1149966800,2006-6-10 14:13,0,0,running,qstat,,5

,,,,1149966802,2006-6-10 14:13,0,0,running,qstat,,5

,,,,1149966803,2006-6-10 14:13,0,0,running,qstat,,5

,,,,1149966804,2006-6-10 14:13,0,0,running,qstat,,5

,,,,1149966806,2006-6-10 14:13,0,0,running,qstat,,5

,,,,1149966807,2006-6-10 14:13,0,0,running,qstat,,5

,,,,1149966808,2006-6-10 14:13,0,0,running,qstat,,5

,,,,1149966827,2006-6-10 14:13,0,0,running,qstat,,5

,,,,1149966829,2006-6-10 14:13,0,0,running,qstat,,5

,,,,1149966853,2006-6-10 14:14,0,0,running,qstat,,5

,,,,1149966854,2006-6-10 14:14,0,0,filecommand,ls,,1

,,,,1149966859,2006-6-10 14:14,0,0,editing,emacs,#NAME?,7

,,,,1149966991,2006-6-10 14:16,0,0,running,qsub,mpilife.sh,5

,,,,1149967086,2006-6-10 14:18,0,0,running,qstat,,5

,,,,1149967120,2006-6-10 14:18,0,0,unknown,mam,memcpy,9

,,,,1149967126,2006-6-10 14:18,0,0,documentation,man,memcpy,4

,,,,1149967152,2006-6-10 14:19,0,0,filecommand,ls,,1

,,,,1149967155,2006-6-10 14:19,0,0,running,qstat,,5

,,,,1149967163,2006-6-10 14:19,0,0,editing,emacs,#NAME?,7

,,,,1149967288,2006-6-10 14:21,0,0,unknown,s,,9

,,,,1149967289,2006-6-10 14:21,0,0,filecommand,ls,,1

,,,,1149968043,2006-6-10 14:34,0,0,documentation,man,memcpy,4

,,,,1149968096,2006-6-10 14:34,0,0,editing,emacs,#NAME?,7

,,,,1149968527,2006-6-10 14:42,0,0,documentation,man,memcmp,4

,,,,1149968618,2006-6-10 14:43,0,0,building,make,mpilife,2

,,,,1149968621,2006-6-10 14:43,2006-6-10 14:47,3, change-print  change-degug  delete-MPI  ,1,7,2

,,,,1149968658,2006-6-10 14:44,0,0,running,qstat,,5

,,,,1149968663,2006-6-10 14:44,0,0,running,qstat,,5

,,,,1149968664,2006-6-10 14:44,0,0,running,qstat,,5

,,,,1149968670,2006-6-10 14:44,0,0,running,qstat,,5

,,,,1149968671,2006-6-10 14:44,0,0,running,qstat,,5

,,,,1149968672,2006-6-10 14:44,0,0,running,qstat,,5

,,,,1149968676,2006-6-10 14:44,0,0,running,qstat,,5

,,,,1149968677,2006-6-10 14:44,0,0,running,qstat,,5

,,,,1149968695,2006-6-10 14:44,0,0,running,qstat,,5

,,,,1149968697,2006-6-10 14:44,0,0,filecommand,ls,,1

,,,,1149968705,2006-6-10 14:45,0,0,viewing,more,mpilife.sh.e26123,6

,,,,1149968821,2006-6-10 14:47,0,0,building,make,mpilife,2

,,,,1149968823,2006-6-10 14:47,2006-6-10 14:53,6, change-print  change-degug  change-degug  change-degug  change-degug  ,0,10,3

,,,,1149968833,2006-6-10 14:47,0,0,running,qsub,mpilife.sh,5

,,,,1149968836,2006-6-10 14:47,0,0,running,qstat,,5

,,,,1149968854,2006-6-10 14:47,0,0,running,qstat,,5

,,,,1149968855,2006-6-10 14:47,0,0,running,qstat,,5

,,,,1149968856,2006-6-10 14:47,0,0,running,qstat,,5

,,,,1149968869,2006-6-10 14:47,0,0,running,qstat,,5

,,,,1149968870,2006-6-10 14:47,0,0,filecommand,ls,,1

,,,,1149968875,2006-6-10 14:47,0,0,editing,emacs,mpilife.sh.o26124,7

,,,,1149969218,2006-6-10 14:53,0,0,building,make,mpilife,2

,,,,1149969219,2006-6-10 14:53,2006-6-10 14:53,0, ,0,0,1

,,,,1149969234,2006-6-10 14:53,2006-6-10 14:57,3, add-print  add-print  ,2,1,0

,,,,1149969244,2006-6-10 14:54,0,0,running,qstat,,5

,,,,1149969246,2006-6-10 14:54,0,0,running,qstat,,5

,,,,1149969250,2006-6-10 14:54,0,0,running,qstat,,5

,,,,1149969251,2006-6-10 14:54,0,0,running,qstat,,5

,,,,1149969252,2006-6-10 14:54,0,0,running,qstat,,5

,,,,1149969253,2006-6-10 14:54,0,0,running,qstat,,5

,,,,1149969261,2006-6-10 14:54,0,0,running,qstat,,5

,,,,1149969263,2006-6-10 14:54,0,0,running,qstat,,5

,,,,1149969264,2006-6-10 14:54,0,0,running,qstat,,5

,,,,1149969272,2006-6-10 14:54,0,0,running,qstat,,5

,,,,1149969274,2006-6-10 14:54,0,0,filecommand,ls,,1

,,,,1149969284,2006-6-10 14:54,0,0,editing,emacs,#NAME?,7

,,,,1149969434,2006-6-10 14:57,0,0,building,make,mpilife,2

,,,,1149969436,2006-6-10 14:57,2006-6-10 15:02,4, ,0,1,0

,,,,1149969457,2006-6-10 14:57,0,0,editing,emacs,life.c,7

,,,,1149969479,2006-6-10 14:57,0,0,filecommand,ls,,1

,,,,1149969481,2006-6-10 14:58,0,0,running,qstat,,5

,,,,1149969489,2006-6-10 14:58,0,0,editing,emacs,mpilife.sh.o26126,7

,,,,1149969726,2006-6-10 15:02,0,0,building,make,mpilife,2

,,,,1149969728,2006-6-10 15:02,2006-6-10 15:04,1, ,0,1,0

,,,,1149969755,2006-6-10 15:02,0,0,running,qstat,,5

,,,,1149969756,2006-6-10 15:02,0,0,running,qstat,,5

,,,,1149969757,2006-6-10 15:02,0,0,running,qstat,,5

,,,,1149969758,2006-6-10 15:02,0,0,running,qstat,,5

,,,,1149969759,2006-6-10 15:02,0,0,running,qstat,,5

,,,,1149969769,2006-6-10 15:02,0,0,running,qstat,,5

,,,,1149969770,2006-6-10 15:02,0,0,running,qstat,,5

,,,,1149969772,2006-6-10 15:02,0,0,running,qstat,,5

,,,,1149969775,2006-6-10 15:02,0,0,running,qstat,,5

,,,,1149969777,2006-6-10 15:02,0,0,running,qstat,,5

,,,,1149969778,2006-6-10 15:02,0,0,running,qstat,,5

,,,,1149969780,2006-6-10 15:03,0,0,running,qstat,,5

,,,,1149969792,2006-6-10 15:03,0,0,editing,emacs,#NAME?,7

,,,,1149969843,2006-6-10 15:04,0,0,building,make,mpigmae,2

,,,,1149969844,2006-6-10 15:04,0,0,building,make,mpilife,2

,,,,1149969846,2006-6-10 15:04,2006-6-10 15:08,4, change-print  ,0,5,0

,,,,1149969855,2006-6-10 15:04,0,0,filecommand,ls,,1

,,,,1149969872,2006-6-10 15:04,0,0,running,qstat,,5

,,,,1149969874,2006-6-10 15:04,0,0,running,qstat,,5

,,,,1149969877,2006-6-10 15:04,0,0,running,qstat,,5

,,,,1149969878,2006-6-10 15:04,0,0,running,qstat,,5

,,,,1149969879,2006-6-10 15:04,0,0,running,qstat,,5

,,,,1149969880,2006-6-10 15:04,0,0,running,qstat,,5

,,,,1149969881,2006-6-10 15:04,0,0,filecommand,ls,,1

,,,,1149969884,2006-6-10 15:04,0,0,running,qstat,,5

,,,,1149969886,2006-6-10 15:04,0,0,filecommand,ls,,1

,,,,1149969894,2006-6-10 15:04,0,0,viewing,more,mpilife.sh.e26128,6

,,,,1149969897,2006-6-10 15:04,0,0,viewing,more,mpilife.sh.o26128,6

,,,,1149969900,2006-6-10 15:05,0,0,filecommand,ls,,1

,,,,1149969904,2006-6-10 15:05,0,0,filecommand,rm,mpilife.sh.o2612*,1

,,,,1149969906,2006-6-10 15:05,0,0,filecommand,rm,mpilife.sh.e2612*,1

,,,,1149969907,2006-6-10 15:05,0,0,filecommand,ls,,1

,,,,1149969909,2006-6-10 15:05,0,0,filecommand,rm,*~,1

,,,,1149969909,2006-6-10 15:05,0,0,filecommand,ls,,1

,,,,1149969914,2006-6-10 15:05,0,0,running,qsub,mpilife.sh,5

,,,,1149969928,2006-6-10 15:05,0,0,filecommand,ls,,1

,,,,1149969931,2006-6-10 15:05,0,0,filecommand,rm,#mpilife.sh.o26121#,1

,,,,1149969932,2006-6-10 15:05,0,0,unknown,l,,9

,,,,1149969932,2006-6-10 15:05,0,0,filecommand,ls,,1

,,,,1149969936,2006-6-10 15:05,0,0,filecommand,rm,*~,1

,,,,1149969937,2006-6-10 15:05,0,0,filecommand,ls,,1

,,,,1149969943,2006-6-10 15:05,0,0,filecommand,rm,#life.c#,1

,,,,1149969944,2006-6-10 15:05,0,0,filecommand,ls,,1

,,,,1149969946,2006-6-10 15:05,0,0,running,qstat,,5

,,,,1149969948,2006-6-10 15:05,0,0,filecommand,ls,,1

,,,,1149969950,2006-6-10 15:05,0,0,filecommand,ls,,1

,,,,1149969952,2006-6-10 15:05,0,0,filecommand,ls,,1

,,,,1149969955,2006-6-10 15:05,0,0,viewing,more,mpilife.sh.e26129,6

,,,,1149969958,2006-6-10 15:05,0,0,viewing,more,mpilife.sh.o26129,6

,,,,1149969964,2006-6-10 15:06,0,0,filecommand,ls,,1

,,,,1149969969,2006-6-10 15:06,0,0,filecommand,rm,mpilife.sh.e26129,1

,,,,1149969973,2006-6-10 15:06,0,0,filecommand,rm,mpilife.sh.o26129,1

,,,,1149969973,2006-6-10 15:06,0,0,filecommand,ls,,1

,,,,1149969986,2006-6-10 15:06,0,0,running,qsub,mpilife.sh,5

,,,,1149969994,2006-6-10 15:06,0,0,running,qstat,,5

,,,,1149969996,2006-6-10 15:06,0,0,running,qstat,,5

,,,,1149969998,2006-6-10 15:06,0,0,running,qstat,,5

,,,,1149969999,2006-6-10 15:06,0,0,filecommand,ls,,1

,,,,1149970003,2006-6-10 15:06,0,0,running,qstat,,5

,,,,1149970004,2006-6-10 15:06,0,0,running,qstat,,5

,,,,1149970005,2006-6-10 15:06,0,0,running,qstat,,5

,,,,1149970006,2006-6-10 15:06,0,0,running,qstat,,5

,,,,1149970021,2006-6-10 15:07,0,0,running,qstat,,5

,,,,1149970022,2006-6-10 15:07,0,0,unknown,sl,,9

,,,,1149970023,2006-6-10 15:07,0,0,filecommand,ls,,1

,,,,1149970026,2006-6-10 15:07,0,0,viewing,more,mpilife.sh.e26130,6

,,,,1149970033,2006-6-10 15:07,0,0,viewing,more,mpilife.sh.o26130,6

,,,,1149970035,2006-6-10 15:07,0,0,filecommand,ls,,1

,,,,1149970103,2006-6-10 15:08,0,0,building,make,mpilife,2

,,,,1149970106,2006-6-10 15:08,2006-6-10 15:20,11, add-print  ,6,0,0

,,,,1149970116,2006-6-10 15:08,0,0,running,qsub,mpilife.sh,5

,,,,1149970141,2006-6-10 15:09,0,0,running,qstat,,5

,,,,1149970146,2006-6-10 15:09,0,0,running,qstat,,5

,,,,1149970148,2006-6-10 15:09,0,0,filecommand,ls,,1

,,,,1149970155,2006-6-10 15:09,0,0,viewing,more,mpilife.sh.e26131,6

,,,,1149970158,2006-6-10 15:09,0,0,viewing,more,mpilife.sh.o26131,6

,,,,1149970166,2006-6-10 15:09,0,0,viewing,more,mpilife.sh.o26131,6

,,,,1149970174,2006-6-10 15:09,0,0,viewing,more,mpilife.sh.o26131,6

,,,,1149970183,2006-6-10 15:09,0,0,viewing,more,mpilife.sh.o26131,6

,,,,1149970205,2006-6-10 15:10,0,0,viewing,more,mpilife.sh.o26131,6

,,,,1149970241,2006-6-10 15:10,0,0,other,gnome-terminal,&,8

,,,,1149970397,2006-6-10 15:13,0,0,other,gnome-terminal,&,8

,,,,1149970453,2006-6-10 15:14,0,0,filecommand,pwd,,1

,,,,1149970462,2006-6-10 15:14,0,0,unknown,pu,,9

,,,,1149970468,2006-6-10 15:14,0,0,process,ps,#NAME?,3

,,,,1149970472,2006-6-10 15:14,0,0,unknown,pkill,nautilius,9

,,,,1149970479,2006-6-10 15:14,0,0,unknown,pkill,#NAME?,9

,,,,1149970497,2006-6-10 15:14,0,0,unknown,pkill,#NAME?,9

,,,,1149970501,2006-6-10 15:15,0,0,unknown,pkill,#NAME?,9

,,,,1149970504,2006-6-10 15:15,0,0,unknown,pkill,#NAME?,9

,,,,1149970509,2006-6-10 15:15,0,0,unknown,pu,,9

,,,,1149970513,2006-6-10 15:15,0,0,process,ps,#NAME?,3

,,,,1149970523,2006-6-10 15:15,0,0,filecommand,ls,,1

,,,,1149970532,2006-6-10 15:15,0,0,filecommand,ls,,1

,,,,1149970537,2006-6-10 15:15,0,0,viewing,more,mpilife.sh.o26131,6

,,,,1149970542,2006-6-10 15:15,0,0,viewing,more,mpilife.sh.o26131,6

,,,,1149970582,2006-6-10 15:16,0,0,filecommand,pwd,,1

,,,,1149970582,2006-6-10 15:16,0,0,filecommand,ls,,1

,,,,1149970588,2006-6-10 15:16,0,0,editing,emacs,mpilife.sh.o26131,7

,,,,1149970616,2006-6-10 15:16,0,0,editing,emacs,#NAME?,7

,,,,1149970813,2006-6-10 15:20,2006-6-10 15:27,6, ,0,1,0

,,,,1149971081,2006-6-10 15:24,0,0,editing,emacs,#NAME?,7

,,,,1149971219,2006-6-10 15:26,0,0,building,make,mpilife,2

,,,,1149971237,2006-6-10 15:27,0,0,running,qsub,mpilife.sh,5

,,,,1149971239,2006-6-10 15:27,0,0,running,qstat,,5

,,,,1149971478,2006-6-10 15:31,0,0,unknown,pu,,9

,,,,1149971482,2006-6-10 15:31,0,0,other,exit,,8

,,,,1150394707,2006-6-15 13:05,0,0,other,xterm,&,8

,,,,1150394776,2006-6-15 13:06,0,0,filecommand,ls,,1

,,,,1150394785,2006-6-15 13:06,0,0,filecommand,rm,mpilife.sh.o2613*,1

,,,,1150394785,2006-6-15 13:06,0,0,filecommand,ls,,1

,,,,1150394790,2006-6-15 13:06,0,0,filecommand,rm,mpilife.sh.e2613,1

,,,,1150394793,2006-6-15 13:06,0,0,filecommand,rm,mpilife.sh.e2613*,1

,,,,1150394793,2006-6-15 13:06,0,0,filecommand,ls,,1

,,,,1150394795,2006-6-15 13:06,0,0,filecommand,rm,*~,1

,,,,1150394795,2006-6-15 13:06,0,0,filecommand,ls,,1

,,,,1150394817,2006-6-15 13:06,0,0,filecommand,rm,*.o,1

,,,,1150394817,2006-6-15 13:06,0,0,filecommand,ls,,1

,,,,1150394838,2006-6-15 13:07,0,0,building,make,mpilife,2

,,,,1150394844,2006-6-15 13:07,0,0,filecommand,rm,mpilife,1

,,,,1150394845,2006-6-15 13:07,0,0,building,make,mpilife,2

,,,,1150394878,2006-6-15 13:07,0,0,filecommand,ls,,1

,,,,1150394894,2006-6-15 13:08,0,0,running,qsub,mpilife.sh,5

,,,,1150394911,2006-6-15 13:08,0,0,running,qsub,mpilife.sh,5

,,,,1150394923,2006-6-15 13:08,0,0,running,qsub,mpilife.sh,5

,,,,1150394934,2006-6-15 13:08,0,0,running,qsub,mpilife.sh,5

,,,,1150394935,2006-6-15 13:08,0,0,filecommand,ls,,1

,,,,1150394940,2006-6-15 13:09,0,0,viewing,more,mpilife.sh.o26142,6

,,,,1150395047,2006-6-15 13:10,0,0,running,qstat,,5

,,,,1150395049,2006-6-15 13:10,0,0,filecommand,ls,,1

,,,,1150395053,2006-6-15 13:10,0,0,filecommand,rm,mpilife.sh.o2614*,1

,,,,1150395055,2006-6-15 13:10,0,0,filecommand,rm,mpilife.sh.e2614*,1

,,,,1150395055,2006-6-15 13:10,0,0,unknown,lks,,9

,,,,1150395056,2006-6-15 13:10,0,0,filecommand,ls,,1

,,,,1150395058,2006-6-15 13:10,0,0,running,qstat,,5

,,,,1150395066,2006-6-15 13:11,0,0,running,qstat,,5

,,,,1150395080,2006-6-15 13:11,2006-6-15 13:22,11, ,1,0,5

,,,,1150395102,2006-6-15 13:11,0,0,running,qdel,26145.rogueleader.umiacs.umd.edu,5

,,,,1150395104,2006-6-15 13:11,0,0,running,qstat,,5

,,,,1150395106,2006-6-15 13:11,0,0,running,qstat,,5

,,,,1150395107,2006-6-15 13:11,0,0,running,qstat,,5

,,,,1150395108,2006-6-15 13:11,0,0,running,qstat,,5

,,,,1150395111,2006-6-15 13:11,0,0,running,qstat,,5

,,,,1150395112,2006-6-15 13:11,0,0,filecommand,ls,,1

,,,,1150395129,2006-6-15 13:12,0,0,running,qsub,mpilife.sh,5

,,,,1150395137,2006-6-15 13:12,0,0,running,qsub,mpilife.sh,5

,,,,1150395146,2006-6-15 13:12,0,0,running,qsub,mpilife.sh,5

,,,,1150395154,2006-6-15 13:12,0,0,running,qsub,mpilife.sh,5

,,,,1150395155,2006-6-15 13:12,0,0,running,qstat,,5

,,,,1150395156,2006-6-15 13:12,0,0,filecommand,ls,,1

,,,,1150395164,2006-6-15 13:12,0,0,viewing,more,mpilife.sh.e26146,6

,,,,1150395166,2006-6-15 13:12,0,0,viewing,more,mpilife.sh.o26146,6

,,,,1150395169,2006-6-15 13:12,0,0,filecommand,ls,,1

,,,,1150395173,2006-6-15 13:12,0,0,editing,emacs,mpilife.sh.o26146,7

,,,,1150395192,2006-6-15 13:13,0,0,viewing,sort,mpilife.sh.o26146 > mpilife.sort,6

,,,,1150395199,2006-6-15 13:13,0,0,viewing,diff,mpilife.sort life.data.2.sort,6

,,,,1150395201,2006-6-15 13:13,0,0,viewing,diff,mpilife.sort life.data.2.sort,6

,,,,1150395206,2006-6-15 13:13,0,0,filecommand,ls,,1

,,,,1150395210,2006-6-15 13:13,0,0,viewing,diff,mpilife.sort life.data.2.sort,6

,,,,1150395216,2006-6-15 13:13,0,0,viewing,diff,mpilife.sort life.data.2.sort | more,6

,,,,1150395222,2006-6-15 13:13,0,0,unknown,qls,,9

,,,,1150395223,2006-6-15 13:13,0,0,filecommand,ls,,1

,,,,1150395228,2006-6-15 13:13,0,0,filecommand,rm,*~,1

,,,,1150395229,2006-6-15 13:13,0,0,filecommand,ls,,1

,,,,1150395241,2006-6-15 13:14,0,0,running,qstat,,5

,,,,1150395251,2006-6-15 13:14,0,0,editing,emacs,#NAME?,7

,,,,1150395266,2006-6-15 13:14,0,0,viewing,sort,mpilife.sh.o26147 > mpilife.sort,6

,,,,1150395274,2006-6-15 13:14,0,0,viewing,diff,mpilife.sort life.data.2.sort,6

,,,,1150395285,2006-6-15 13:14,0,0,editing,emacs,#NAME?,7

,,,,1150395296,2006-6-15 13:14,0,0,viewing,sort,mpilife.sh.o26148 > mpilife.sort,6

,,,,1150395299,2006-6-15 13:14,0,0,viewing,diff,mpilife.sort life.data.2.sort,6

,,,,1150395306,2006-6-15 13:15,0,0,running,qstat,,5

,,,,1150395312,2006-6-15 13:15,0,0,filecommand,ls,,1

,,,,1150395321,2006-6-15 13:15,0,0,running,qstat,,5

,,,,1150395338,2006-6-15 13:15,0,0,editing,emacs,#NAME?,7

,,,,1150395358,2006-6-15 13:15,0,0,viewing,sort,mpilife.sh.o26149 > mpilife.sort,6

,,,,1150395361,2006-6-15 13:16,0,0,viewing,diff,mpilife.sort life.data.2.sort,6

,,,,1150395363,2006-6-15 13:16,0,0,filecommand,ls,,1

,,,,1150395378,2006-6-15 13:16,0,0,filecommand,ls,,1

,,,,1150395381,2006-6-15 13:16,0,0,filecommand,rm,mpilife.sh.o2614*,1

,,,,1150395385,2006-6-15 13:16,0,0,filecommand,rm,mpilife.sh.e2614*,1

,,,,1150395385,2006-6-15 13:16,0,0,filecommand,ls,,1

,,,,1150395394,2006-6-15 13:16,0,0,running,qsub,mpilife.sh,5

,,,,1150395395,2006-6-15 13:16,0,0,filecommand,ls,,1

,,,,1150395397,2006-6-15 13:16,0,0,running,qstat,,5

,,,,1150395399,2006-6-15 13:16,0,0,running,qstat,,5

,,,,1150395400,2006-6-15 13:16,0,0,running,qstat,,5

,,,,1150395401,2006-6-15 13:16,0,0,running,qstat,,5

,,,,1150395402,2006-6-15 13:16,0,0,filecommand,ls,,1

,,,,1150395425,2006-6-15 13:17,0,0,filecommand,ls,,1

,,,,1150395433,2006-6-15 13:17,0,0,viewing,more,mpilife.sh.e26150,6

,,,,1150395436,2006-6-15 13:17,0,0,viewing,more,mpilife.sh.o26150,6

,,,,1150395439,2006-6-15 13:17,0,0,editing,emacs,mpilife.sh.o26150,7

,,,,1150395453,2006-6-15 13:17,0,0,viewing,sort,mpilife.sh.o26150 > mpilife.sort,6

,,,,1150395464,2006-6-15 13:17,0,0,filecommand,ls,,1

,,,,1150395474,2006-6-15 13:17,0,0,viewing,diff,mpilife.sort life.data.2.sort,6

,,,,1150395759,2006-6-15 13:22,0,0,building,make,mpilife,2

,,,,1150395760,2006-6-15 13:22,2006-6-15 13:26,3, ,2,0,2

,,,,1150395770,2006-6-15 13:22,0,0,filecommand,ls,,1

,,,,1150395772,2006-6-15 13:22,0,0,running,qstat,,5

,,,,1150395776,2006-6-15 13:22,0,0,filecommand,ls,,1

,,,,1150395782,2006-6-15 13:23,0,0,filecommand,rm,mpilife.sh.e26150,1

,,,,1150395786,2006-6-15 13:23,0,0,filecommand,rm,mpilife.sh.o26150*,1

,,,,1150395787,2006-6-15 13:23,0,0,filecommand,ls,,1

,,,,1150395789,2006-6-15 13:23,0,0,running,qstat,,5

,,,,1150395795,2006-6-15 13:23,0,0,running,qstat,,5

,,,,1150395796,2006-6-15 13:23,0,0,running,qstat,,5

,,,,1150395797,2006-6-15 13:23,0,0,running,qstat,,5

,,,,1150395799,2006-6-15 13:23,0,0,running,qstat,,5

,,,,1150395800,2006-6-15 13:23,0,0,filecommand,ls,,1

,,,,1150395805,2006-6-15 13:23,0,0,editing,emacs,#NAME?,7

,,,,1150395832,2006-6-15 13:23,0,0,running,qsub,mpilife.sh,5

,,,,1150395840,2006-6-15 13:24,0,0,running,qstat,,5

,,,,1150395842,2006-6-15 13:24,0,0,running,qstat,,5

,,,,1150395850,2006-6-15 13:24,0,0,running,qstat,,5

,,,,1150395851,2006-6-15 13:24,0,0,running,qstat,,5

,,,,1150395856,2006-6-15 13:24,0,0,running,qstat,,5

,,,,1150395858,2006-6-15 13:24,0,0,filecommand,ls,,1

,,,,1150395863,2006-6-15 13:24,0,0,editing,emacs,#NAME?,7

,,,,1150395980,2006-6-15 13:26,0,0,building,make,mpilife,2

,,,,1150395981,2006-6-15 13:26,2006-6-15 13:27,1, ,6,0,0

,,,,1150396003,2006-6-15 13:26,0,0,filecommand,ls,,1

,,,,1150396006,2006-6-15 13:26,0,0,running,qstat,,5

,,,,1150396007,2006-6-15 13:26,0,0,filecommand,ls,,1

,,,,1150396008,2006-6-15 13:26,0,0,running,qstat,,5

,,,,1150396010,2006-6-15 13:26,0,0,running,qstat,,5

,,,,1150396018,2006-6-15 13:26,0,0,filecommand,ls,,1

,,,,1150396023,2006-6-15 13:27,0,0,editing,emacs,#NAME?,7

,,,,1150396063,2006-6-15 13:27,0,0,building,make,mpilife,2

,,,,1150396068,2006-6-15 13:27,0,0,running,qsub,mpilife.sh,5

,,,,1150396083,2006-6-15 13:28,0,0,filecommand,pwd,,1

,,,,1150396085,2006-6-15 13:28,0,0,running,qstat,,5

,,,,1150396086,2006-6-15 13:28,0,0,running,qstat,,5

,,,,1150396087,2006-6-15 13:28,0,0,running,qstat,,5

,,,,1150396088,2006-6-15 13:28,0,0,running,qstat,,5

,,,,1150396090,2006-6-15 13:28,0,0,running,qstat,,5

,,,,1150396092,2006-6-15 13:28,0,0,running,qstat,,5

,,,,1150396093,2006-6-15 13:28,0,0,running,qstat,,5

,,,,1150396094,2006-6-15 13:28,0,0,running,qstat,,5

,,,,1150396095,2006-6-15 13:28,0,0,filecommand,ls,,1

,,,,1150396100,2006-6-15 13:28,0,0,editing,emacs,#NAME?,7

,,,,1150396113,2006-6-15 13:28,0,0,viewing,sort,mpilife.sh.o26154 > mpilife.sort,6

,,,,1150396121,2006-6-15 13:28,0,0,viewing,diff,mpilife.sort life.data.2.sort,6

,,,,1150396125,2006-6-15 13:28,0,0,filecommand,rm,mpilife.sort,1

,,,,1150396131,2006-6-15 13:28,0,0,filecommand,rm,*.sort,1

,,,,1150396131,2006-6-15 13:28,0,0,filecommand,ls,,1

,,,,1150396133,2006-6-15 13:28,0,0,filecommand,rm,*~,1

,,,,1150396133,2006-6-15 13:28,0,0,filecommand,ls,,1

,,,,1150396215,2006-6-15 13:30,0,0,filecommand,rm,mpilife.sh.e2615*,1

,,,,1150396218,2006-6-15 13:30,0,0,filecommand,rm,mpilife.sh.o2615*,1

,,,,1150396218,2006-6-15 13:30,0,0,filecommand,ls,,1

,,,,1150396230,2006-6-15 13:30,0,0,building,make,life,2

,,,,1150396248,2006-6-15 13:30,0,0,filecommand,ls,,1

,,,,1150396259,2006-6-15 13:30,0,0,documentation,man,time,4

,,,,1150396270,2006-6-15 13:31,0,0,filecommand,ls,,1

,,,,1150396294,2006-6-15 13:31,0,0,other,time,life final.data 400 400 400,8

,,,,1150396313,2006-6-15 13:31,0,0,documentation,man,time,4

,,,,1150396323,2006-6-15 13:32,0,0,documentation,man,times,4

,,,,1150396327,2006-6-15 13:32,0,0,other,time,life final.data 400 400 400,8

,,,,1150396350,2006-6-15 13:32,0,0,other,time,./life final.data 400 400 400,8

,,,,1150396494,2006-6-15 13:34,0,0,unknown,/usr/bin/time,,9

,,,,1150396505,2006-6-15 13:35,0,0,unknown,/usr/bin/time,./life final.data 400 400 400,9

,,,,1150396603,2006-6-15 13:36,0,0,running,qsub,mpilife.sh,5

,,,,1150396671,2006-6-15 13:37,0,0,running,qsub,mpilife.sh,5

,,,,1150396672,2006-6-15 13:37,0,0,running,qstat,,5

,,,,1150396674,2006-6-15 13:37,0,0,running,qstat,,5

,,,,1150396675,2006-6-15 13:37,0,0,filecommand,ls,,1

,,,,1150396685,2006-6-15 13:38,0,0,viewing,more,mpilife.sh.e26155,6

,,,,1150396693,2006-6-15 13:38,0,0,viewing,more,mpilife.sh.o26155,6

,,,,1150396697,2006-6-15 13:38,0,0,viewing,more,mpilife.sh.e26155,6

,,,,1150396719,2006-6-15 13:38,0,0,running,qstat,,5

,,,,1150396721,2006-6-15 13:38,0,0,running,qstat,,5

,,,,1150396721,2006-6-15 13:38,0,0,filecommand,ls,,1

,,,,1150396731,2006-6-15 13:38,0,0,viewing,more,mpilife.sh.e26156,6

,,,,1150396776,2006-6-15 13:39,0,0,running,qsub,mpilife.sh,5

,,,,1150396783,2006-6-15 13:39,0,0,filecommand,ls,,1

,,,,1150396790,2006-6-15 13:39,0,0,running,qstat,,5

,,,,1150396792,2006-6-15 13:39,0,0,running,qstat,,5

,,,,1150396793,2006-6-15 13:39,0,0,running,qstat,,5

,,,,1150396797,2006-6-15 13:39,0,0,running,qstat,,5

,,,,1150396798,2006-6-15 13:39,0,0,running,qstat,,5

,,,,1150396799,2006-6-15 13:39,0,0,unknown,l,,9

,,,,1150396800,2006-6-15 13:40,0,0,filecommand,ls,,1

,,,,1150396805,2006-6-15 13:40,0,0,filecommand,rm,mpilife.sh.e2615*,1

,,,,1150396808,2006-6-15 13:40,0,0,filecommand,rm,mpilife.sh.o2615*,1

,,,,1150396808,2006-6-15 13:40,0,0,filecommand,ls,,1

,,,,1150396810,2006-6-15 13:40,0,0,filecommand,rm,*~,1

,,,,1150396813,2006-6-15 13:40,0,0,running,qstat,,5

,,,,1150396815,2006-6-15 13:40,0,0,running,qstat,,5

,,,,1150396816,2006-6-15 13:40,0,0,unknown,s,,9

,,,,1150396816,2006-6-15 13:40,0,0,filecommand,ls,,1

,,,,1150396822,2006-6-15 13:40,0,0,running,qsub,mpilife.sh,5

,,,,1150396831,2006-6-15 13:40,0,0,running,qstat,,5

,,,,1150396837,2006-6-15 13:40,0,0,running,qstat,,5

,,,,1150396839,2006-6-15 13:40,0,0,running,qstat,,5

,,,,1150396839,2006-6-15 13:40,0,0,running,qstat,,5

,,,,1150396841,2006-6-15 13:40,0,0,running,qstat,,5

,,,,1150396842,2006-6-15 13:40,0,0,running,qstat,,5

,,,,1150396843,2006-6-15 13:40,0,0,running,qstat,,5

,,,,1150396844,2006-6-15 13:40,0,0,running,qstat,,5

,,,,1150396846,2006-6-15 13:40,0,0,running,qstat,,5

,,,,1150396846,2006-6-15 13:40,0,0,running,qstat,,5

,,,,1150396847,2006-6-15 13:40,0,0,running,qstat,,5

,,,,1150396848,2006-6-15 13:40,0,0,running,qstat,,5

,,,,1150396848,2006-6-15 13:40,0,0,running,qstat,,5

,,,,1150396849,2006-6-15 13:40,0,0,running,qstat,,5

,,,,1150396851,2006-6-15 13:40,0,0,filecommand,ls,,1

,,,,1150396855,2006-6-15 13:40,0,0,viewing,more,mpilife.sh.e26158,6

,,,,1150396860,2006-6-15 13:41,0,0,filecommand,ls,,1

,,,,1150396954,2006-6-15 13:42,0,0,other,time,,8

,,,,1150396957,2006-6-15 13:42,0,0,other,date,,8

,,,,1150396982,2006-6-15 13:43,0,0,running,qsub,mpirun.sh,5

,,,,1150396983,2006-6-15 13:43,0,0,filecommand,ls,,1

,,,,1150396988,2006-6-15 13:43,0,0,running,qsub,mpilife.sh,5

,,,,1150397004,2006-6-15 13:43,0,0,running,qstat,,5

,,,,1150397010,2006-6-15 13:43,0,0,running,qstat,,5

,,,,1150397013,2006-6-15 13:43,0,0,running,qstat,,5

,,,,1150397020,2006-6-15 13:43,0,0,filecommand,ls,,1

,,,,1150397039,2006-6-15 13:43,0,0,documentation,man,mpirun,4

,,,,1150397045,2006-6-15 13:44,0,0,documentation,man,mpirun,4

,,,,1150397085,2006-6-15 13:44,0,0,documentation,man,mpirun,4

,,,,1150397101,2006-6-15 13:45,0,0,filecommand,ls,,1

,,,,1150397107,2006-6-15 13:45,0,0,viewing,more,mpilife.sh.e26159,6

,,,,1150397111,2006-6-15 13:45,0,0,viewing,more,mpilife.sh.o26159,6

,,,,1150397159,2006-6-15 13:45,0,0,unknown,localtime,,9

,,,,1150397163,2006-6-15 13:46,0,0,unknown,data,,9

,,,,1150397164,2006-6-15 13:46,0,0,documentation,man,date,4

,,,,1150397180,2006-6-15 13:46,0,0,other,date,#NAME?,8

,,,,1150397189,2006-6-15 13:46,0,0,running,qsub,mpilife.sh,5

,,,,1150397201,2006-6-15 13:46,0,0,running,qstat,,5

,,,,1150397203,2006-6-15 13:46,0,0,running,qstat,,5

,,,,1150397206,2006-6-15 13:46,0,0,running,qstat,,5

,,,,1150397207,2006-6-15 13:46,0,0,running,qstat,,5

,,,,1150397209,2006-6-15 13:46,0,0,running,qstat,,5

,,,,1150397210,2006-6-15 13:46,0,0,running,qstat,,5

,,,,1150397212,2006-6-15 13:46,0,0,running,qstat,,5

,,,,1150397215,2006-6-15 13:46,0,0,running,qstat,,5

,,,,1150397242,2006-6-15 13:47,0,0,unknown,pbsnodes,#NAME?,9

,,,,1150397247,2006-6-15 13:47,0,0,unknown,pbsnodes,-a | more,9

,,,,1150397262,2006-6-15 13:47,0,0,running,qstat,,5

,,,,1150397271,2006-6-15 13:47,0,0,filecommand,ls,,1

,,,,1150397277,2006-6-15 13:47,0,0,running,qstat,,5

,,,,1150397279,2006-6-15 13:47,0,0,filecommand,ls,,1

,,,,1150397292,2006-6-15 13:48,0,0,viewing,more,mpilife.sh.o26160,6

,,,,1150397307,2006-6-15 13:48,0,0,viewing,tail,mpilife.sh.o26160,6

,,,,1150397323,2006-6-15 13:48,0,0,running,qsub,mpilife.sh,5

,,,,1150397325,2006-6-15 13:48,0,0,running,qstat,,5

,,,,1150397330,2006-6-15 13:48,0,0,running,qstat,,5

,,,,1150397331,2006-6-15 13:48,0,0,running,qstat,,5

,,,,1150397343,2006-6-15 13:49,0,0,running,qstat,,5

,,,,1150397344,2006-6-15 13:49,0,0,running,qstat,,5

,,,,1150397345,2006-6-15 13:49,0,0,running,qstat,,5

,,,,1150397346,2006-6-15 13:49,0,0,running,qstat,,5

,,,,1150397347,2006-6-15 13:49,0,0,running,qstat,,5

,,,,1150397350,2006-6-15 13:49,0,0,unknown,pbsnodes,#NAME?,9

,,,,1150397353,2006-6-15 13:49,0,0,unknown,pbsnodes,-a | more,9

,,,,1150397368,2006-6-15 13:49,0,0,running,qstat,,5

,,,,1150397370,2006-6-15 13:49,0,0,filecommand,ls,,1

,,,,1150397389,2006-6-15 13:49,0,0,unknown,pbsnodes,-a | more,9

,,,,1150397494,2006-6-15 13:51,0,0,running,qsub,mpilife.sh,5

,,,,1150397508,2006-6-15 13:51,0,0,running,qstat,,5

,,,,1150397512,2006-6-15 13:51,0,0,running,qstat,,5

,,,,1150397513,2006-6-15 13:51,0,0,running,qstat,,5

,,,,1150397514,2006-6-15 13:51,0,0,running,qstat,,5

,,,,1150397515,2006-6-15 13:51,0,0,running,qstat,,5

,,,,1150397516,2006-6-15 13:51,0,0,filecommand,ls,,1

,,,,1150397522,2006-6-15 13:52,0,0,running,qstat,,5

,,,,1150397524,2006-6-15 13:52,0,0,running,qstat,,5

,,,,1150397528,2006-6-15 13:52,0,0,filecommand,rm,mpilife.sh.e261*,1

,,,,1150397529,2006-6-15 13:52,0,0,running,qstat,,5

,,,,1150397532,2006-6-15 13:52,0,0,filecommand,rm,mpilife.sh.o261*,1

,,,,1150397533,2006-6-15 13:52,0,0,running,qstat,,5

,,,,1150397535,2006-6-15 13:52,0,0,running,qstat,,5

,,,,1150397539,2006-6-15 13:52,0,0,running,qstat,,5

,,,,1150397540,2006-6-15 13:52,0,0,running,qstat,,5

,,,,1150397552,2006-6-15 13:52,0,0,running,qstat,,5

,,,,1150397553,2006-6-15 13:52,0,0,running,qstat,,5

,,,,1150397562,2006-6-15 13:52,0,0,running,qstat,,5

,,,,1150397563,2006-6-15 13:52,0,0,running,qstat,,5

,,,,1150397564,2006-6-15 13:52,0,0,running,qstat,,5

,,,,1150397564,2006-6-15 13:52,0,0,running,qstat,,5

,,,,1150397566,2006-6-15 13:52,0,0,running,qstat,,5

,,,,1150397568,2006-6-15 13:52,0,0,running,qstat,,5

,,,,1150397570,2006-6-15 13:52,0,0,running,qstat,,5

,,,,1150397575,2006-6-15 13:52,0,0,unknown,pbsnodes,-a | more,9

,,,,1150397582,2006-6-15 13:53,0,0,running,qstat,,5

,,,,1150397584,2006-6-15 13:53,0,0,running,qstat,,5

,,,,1150397586,2006-6-15 13:53,0,0,running,qstat,,5

,,,,1150397587,2006-6-15 13:53,0,0,running,qstat,,5

,,,,1150397588,2006-6-15 13:53,0,0,running,qstat,,5

,,,,1150397593,2006-6-15 13:53,0,0,running,qstat,,5

,,,,1150397593,2006-6-15 13:53,0,0,running,qstat,,5

,,,,1150397594,2006-6-15 13:53,0,0,running,qstat,,5

,,,,1150397596,2006-6-15 13:53,0,0,running,qstat,,5

,,,,1150397596,2006-6-15 13:53,0,0,running,qstat,,5

,,,,1150397599,2006-6-15 13:53,0,0,running,qstat,,5

,,,,1150397600,2006-6-15 13:53,0,0,running,qstat,,5

,,,,1150397605,2006-6-15 13:53,0,0,running,qstat,,5

,,,,1150397610,2006-6-15 13:53,0,0,running,qstat,,5

,,,,1150397612,2006-6-15 13:53,0,0,running,qstat,,5

,,,,1150397615,2006-6-15 13:53,0,0,running,qstat,,5

,,,,1150397616,2006-6-15 13:53,0,0,running,qstat,,5

,,,,1150397618,2006-6-15 13:53,0,0,running,qstat,,5

,,,,1150397623,2006-6-15 13:53,0,0,unknown,pbsnodes,-a | more,9

,,,,1150397642,2006-6-15 13:54,0,0,running,qstat,,5

,,,,1150397643,2006-6-15 13:54,0,0,running,qstat,,5

,,,,1150397647,2006-6-15 13:54,0,0,filecommand,ls,,1

,,,,1150397652,2006-6-15 13:54,0,0,running,qstat,,5

,,,,1150397658,2006-6-15 13:54,0,0,running,qsub,mpilife.sh,5

,,,,1150397672,2006-6-15 13:54,0,0,running,qsub,mpilife.sh,5

,,,,1150397680,2006-6-15 13:54,0,0,running,qsub,mpilife.sh,5

,,,,1150397681,2006-6-15 13:54,0,0,running,qstat,,5

,,,,1150397686,2006-6-15 13:54,0,0,running,qstat,,5

,,,,1150397687,2006-6-15 13:54,0,0,running,qstat,,5

,,,,1150397688,2006-6-15 13:54,0,0,running,qstat,,5

,,,,1150397689,2006-6-15 13:54,0,0,running,qstat,,5

,,,,1150397690,2006-6-15 13:54,0,0,running,qstat,,5

,,,,1150397691,2006-6-15 13:54,0,0,running,qstat,,5

,,,,1150397694,2006-6-15 13:54,0,0,running,qstat,,5

,,,,1150397695,2006-6-15 13:54,0,0,running,qstat,,5

,,,,1150397696,2006-6-15 13:54,0,0,running,qstat,,5

,,,,1150397697,2006-6-15 13:54,0,0,running,qstat,,5

,,,,1150397698,2006-6-15 13:54,0,0,running,qstat,,5

,,,,1150397700,2006-6-15 13:55,0,0,running,qstat,,5

,,,,1150397703,2006-6-15 13:55,0,0,running,qstat,,5

,,,,1150397704,2006-6-15 13:55,0,0,running,qstat,,5

,,,,1150397705,2006-6-15 13:55,0,0,running,qstat,,5

,,,,1150397708,2006-6-15 13:55,0,0,running,qstat,,5

,,,,1150397709,2006-6-15 13:55,0,0,running,qstat,,5

,,,,1150397713,2006-6-15 13:55,0,0,filecommand,ls,,1

,,,,1150397719,2006-6-15 13:55,0,0,viewing,more,mpilife.sh.o26164,6

,,,,1150397733,2006-6-15 13:55,0,0,viewing,tail,mpilife.sh.o26164,6

,,,,1150397740,2006-6-15 13:55,0,0,filecommand,ls,,1

,,,,1150397742,2006-6-15 13:55,0,0,running,qstat,,5

,,,,1150397774,2006-6-15 13:56,0,0,running,qstat,,5

,,,,1150397780,2006-6-15 13:56,0,0,filecommand,ls,,1

,,,,1150397788,2006-6-15 13:56,0,0,viewing,more,mpilife.sh.o26165,6

,,,,1150397794,2006-6-15 13:56,0,0,viewing,tail,mpilife.sh.o26165,6

,,,,1150397809,2006-6-15 13:56,0,0,running,qstat,,5

,,,,1150397810,2006-6-15 13:56,0,0,running,qstat,,5

,,,,1150397811,2006-6-15 13:56,0,0,running,qstat,,5

,,,,1150397812,2006-6-15 13:56,0,0,running,qstat,,5

,,,,1150397813,2006-6-15 13:56,0,0,running,qstat,,5

,,,,1150397814,2006-6-15 13:56,0,0,running,qstat,,5

,,,,1150397814,2006-6-15 13:56,0,0,running,qstat,,5

,,,,1150397815,2006-6-15 13:56,0,0,running,qstat,,5

,,,,1150397816,2006-6-15 13:56,0,0,running,qstat,,5

,,,,1150397817,2006-6-15 13:56,0,0,running,qstat,,5

,,,,1150397817,2006-6-15 13:56,0,0,running,qstat,,5

,,,,1150397818,2006-6-15 13:56,0,0,running,qstat,,5

,,,,1150397818,2006-6-15 13:56,0,0,running,qstat,,5

,,,,1150397820,2006-6-15 13:57,0,0,running,qstat,,5

,,,,1150397821,2006-6-15 13:57,0,0,running,qstat,,5

,,,,1150397822,2006-6-15 13:57,0,0,running,qstat,,5

,,,,1150397823,2006-6-15 13:57,0,0,running,qstat,,5

,,,,1150397829,2006-6-15 13:57,0,0,running,qstat,#NAME?,5

,,,,1150397834,2006-6-15 13:57,0,0,running,qstat,#NAME?,5

,,,,1150397840,2006-6-15 13:57,0,0,running,qstat,#NAME?,5

,,,,1150397844,2006-6-15 13:57,0,0,running,qstat,#NAME?,5

,,,,1150397848,2006-6-15 13:57,0,0,running,qstat,#NAME?,5

,,,,1150397849,2006-6-15 13:57,0,0,running,qstat,#NAME?,5

,,,,1150397860,2006-6-15 13:57,0,0,running,qstat,#NAME?,5

,,,,1150397902,2006-6-15 13:58,0,0,running,qstat,#NAME?,5

,,,,1150397903,2006-6-15 13:58,0,0,running,qstat,#NAME?,5

,,,,1150397914,2006-6-15 13:58,0,0,running,qstat,#NAME?,5

,,,,1150397916,2006-6-15 13:58,0,0,running,qstat,#NAME?,5

,,,,1150397926,2006-6-15 13:58,0,0,running,qsub,-I -nodes 4,5

,,,,1150397985,2006-6-15 13:59,0,0,running,qstat,,5

,,,,1150398002,2006-6-15 14:00,0,0,running,qdel,26163.rogueleader.umiacs.umd.edu,5

,,,,1150398004,2006-6-15 14:00,0,0,running,qstat,,5

,,,,1150398009,2006-6-15 14:00,0,0,running,qdel,26162.rogueleader.umiacs.umd.edu,5

,,,,1150398010,2006-6-15 14:00,0,0,running,qstat,,5

,,,,1150398011,2006-6-15 14:00,0,0,running,qstat,,5

,,,,1150398029,2006-6-15 14:00,0,0,running,qdel,26162,5

,,,,1150398031,2006-6-15 14:00,0,0,running,qstat,,5

,,,,1150398033,2006-6-15 14:00,0,0,running,qstat,,5

,,,,1150398037,2006-6-15 14:00,0,0,running,qsub,mpilife.sh,5

,,,,1150398050,2006-6-15 14:00,0,0,filecommand,ls,,1

,,,,1150398051,2006-6-15 14:00,0,0,running,qstat,,5

,,,,1150398054,2006-6-15 14:00,0,0,running,qstat,,5

,,,,1150398055,2006-6-15 14:00,0,0,running,qstat,,5

,,,,1150398114,2006-6-15 14:01,0,0,running,qsub,#NAME?,5

,,,,1150398143,2006-6-15 14:02,0,0,unknown,pbsdsh,hostname,9

,,,,1150398155,2006-6-15 14:02,0,0,unknown,pbsdsh,ps -u nakamura,9

,,,,1150398166,2006-6-15 14:02,0,0,unknown,pbsdsh,'ps -u nakamura',9

,,,,1150398176,2006-6-15 14:02,0,0,process,ps,#NAME?,3

,,,,1150398179,2006-6-15 14:02,0,0,other,exit,,8

,,,,1150398190,2006-6-15 14:03,0,0,running,qstat,,5

,,,,1150398196,2006-6-15 14:03,0,0,running,qstat,,5

,,,,1150398197,2006-6-15 14:03,0,0,running,qstat,,5

,,,,1150398199,2006-6-15 14:03,0,0,running,qstat,,5

,,,,1150398212,2006-6-15 14:03,0,0,running,qdel,26167,5

,,,,1150398214,2006-6-15 14:03,0,0,running,qstat,,5

,,,,1150398226,2006-6-15 14:03,0,0,running,qdel,26162,5

,,,,1150398229,2006-6-15 14:03,0,0,running,qstat,,5

,,,,1150398231,2006-6-15 14:03,0,0,running,qstat,,5

,,,,1150398232,2006-6-15 14:03,0,0,running,qstat,,5

,,,,1150398233,2006-6-15 14:03,0,0,running,qstat,,5

,,,,1150398249,2006-6-15 14:04,0,0,running,qdel,26166,5

,,,,1150398251,2006-6-15 14:04,0,0,running,qstat,,5

,,,,1150398291,2006-6-15 14:04,0,0,running,qsub,mpilife.sh,5

,,,,1150398293,2006-6-15 14:04,0,0,running,qstat,,5

,,,,1150398294,2006-6-15 14:04,0,0,running,qstat,,5

,,,,1150398321,2006-6-15 14:05,0,0,running,qstat,,5

,,,,1150398322,2006-6-15 14:05,0,0,running,qstat,,5

,,,,1150398323,2006-6-15 14:05,0,0,running,qstat,,5

,,,,1150398324,2006-6-15 14:05,0,0,running,qstat,,5

,,,,1150398327,2006-6-15 14:05,0,0,running,qstat,,5

,,,,1150398328,2006-6-15 14:05,0,0,running,qstat,,5

,,,,1150398328,2006-6-15 14:05,0,0,running,qstat,,5

,,,,1150398329,2006-6-15 14:05,0,0,running,qstat,,5

,,,,1150398357,2006-6-15 14:05,0,0,running,qstat,,5

,,,,1150398359,2006-6-15 14:05,0,0,filecommand,ls,,1

,,,,1150398364,2006-6-15 14:06,0,0,viewing,more,mpilife.sh.o2616,6

,,,,1150398368,2006-6-15 14:06,0,0,viewing,more,mpilife.sh.o26168,6

,,,,1150398381,2006-6-15 14:06,0,0,viewing,tail,mpilife.sh.o26168,6

,,,,1150398401,2006-6-15 14:06,0,0,running,qsub,mpilife.sh,5

,,,,1150398402,2006-6-15 14:06,0,0,filecommand,ls,,1

,,,,1150398410,2006-6-15 14:06,0,0,running,qstat,,5

,,,,1150398412,2006-6-15 14:06,0,0,running,qstat,,5

,,,,1150398413,2006-6-15 14:06,0,0,filecommand,ls,,1

,,,,1150398445,2006-6-15 14:07,0,0,viewing,more,mpilife.sh.o26169,6

,,,,1150398454,2006-6-15 14:07,0,0,viewing,tail,mpilife.sh.o26169,6

,,,,1150398553,2006-6-15 14:09,0,0,other,exit,,8
